ID,Year_Birth,Education,Marital_Status,Income,Kidhome,Teenhome,Recency,MntWines,MntFruits,MntMeatProducts,NumDealsPurchases,NumWebPurchases,NumStorePurchases,Response
1000,1988,Master,Married,59957.040155386385,0,2,19,282,7,239,3,5,5,0
1001,1978,2n Cycle,Married,72332.59349772618,1,0,77,96,11,223,1,5,7,0
1002,1964,PhD,Married,47923.53749758853,0,0,13,359,36,3,2,4,1,0
1003,1992,2n Cycle,Together,64941.967866116145,0,0,7,49,7,112,1,0,4,0
1004,1957,Master,Together,58206.92549689155,0,1,47,34,29,8,2,2,8,0
1005,1970,PhD,Single,39845.197196678884,0,0,12,229,26,120,1,5,5,0
1006,1988,PhD,Married,30829.486270857702,1,1,23,243,105,190,3,4,5,0
1007,1968,Graduation,Married,33632.23022558683,1,1,78,33,1,19,2,2,8,0
1008,1972,Graduation,Together,57857.8513830943,0,0,64,998,3,178,2,5,5,0
1009,1960,PhD,Together,50877.09736029591,0,1,85,255,21,89,4,2,9,0
1010,1960,Graduation,Together,77501.86043763396,1,0,33,49,22,250,3,2,7,0
1011,1973,Basic,Married,67817.40224407788,0,0,50,111,1,114,1,8,10,1
1012,1985,2n Cycle,Divorced,67775.69966254603,0,0,2,483,52,61,2,1,2,0
1013,1989,Master,Married,57261.61603424445,1,0,89,222,20,60,3,0,4,0
1014,1973,Graduation,Together,32756.021013566708,0,0,77,62,12,341,5,7,4,0
1015,1952,Graduation,Single,58506.78591949983,0,0,57,32,11,90,2,5,8,0
1016,1971,Graduation,Together,53277.063300564456,0,0,71,169,59,78,1,6,3,0
1017,1951,PhD,Married,29232.372228885044,1,0,54,123,6,6,1,2,5,1
1018,1973,Master,Together,76198.98517117424,0,0,79,320,5,67,2,1,9,0
1019,1993,2n Cycle,Single,74045.78749858303,2,1,41,778,7,284,0,5,4,0
1020,1979,Graduation,Married,29117.01711165879,1,0,20,85,29,214,2,4,3,1
1021,1987,2n Cycle,Married,39244.10189766943,0,1,9,579,49,37,3,4,6,0
1022,1951,Basic,Married,41000.99561119047,0,0,56,759,12,79,1,6,5,0
1023,1970,Graduation,Single,64197.03087599231,0,0,24,696,5,32,1,4,4,1
1024,1982,Basic,Married,61894.503609079926,0,0,55,911,7,462,0,5,8,0
1025,1961,Graduation,Widow,52888.14425572713,1,0,37,553,28,136,0,3,11,0
1026,1971,Graduation,Together,57477.1456079825,0,0,85,270,8,210,2,2,5,0
1027,1993,PhD,Widow,26247.35607108933,0,0,60,158,62,187,2,1,7,0
1028,1974,Graduation,Divorced,59627.22562716906,1,2,46,202,3,310,0,5,4,0
1029,1998,PhD,Together,49982.29248907859,0,2,53,618,0,447,2,3,5,0
1030,1976,PhD,Married,38419.13634882821,1,0,45,107,2,4,5,1,6,0
1031,1991,PhD,Married,21349.87452139362,1,1,67,52,56,555,3,3,7,0
1032,1977,Graduation,Married,52539.22312372704,0,0,3,45,31,306,3,5,6,0
1033,1965,PhD,Single,59139.197924356195,0,0,93,526,94,72,5,8,6,0
1034,1964,PhD,Married,17950.36396586825,1,1,65,429,12,272,2,2,11,1
1035,1996,PhD,Married,52369.721413128595,1,0,92,206,7,200,5,5,6,0
1036,1993,Graduation,Together,54444.79503696991,0,0,42,96,24,236,1,5,2,1
1037,1952,Graduation,Divorced,40915.40913704679,0,0,61,339,23,37,2,2,7,0
1038,1986,PhD,Married,59596.76404790348,0,0,99,11,26,156,3,8,10,0
1039,1956,Graduation,Married,49346.751674453604,0,0,84,251,12,3,0,2,2,0
1040,1970,PhD,Married,57663.42010672727,0,0,84,152,0,282,2,3,7,0
1041,1958,Master,Divorced,62684.938657501116,0,0,84,1143,1,452,2,2,6,0
1042,1988,PhD,Together,62696.138123010474,0,0,3,212,32,162,3,4,5,0
1043,1967,PhD,Married,72336.40986893003,0,1,64,241,22,107,4,3,7,1
1044,1953,2n Cycle,Married,58766.5037756916,2,0,61,373,51,194,5,8,7,0
1045,1974,Master,Married,42459.18518446358,1,1,89,198,10,59,2,3,7,0
1046,1963,2n Cycle,Married,39044.19910493606,0,1,1,76,50,147,1,5,9,0
1047,1999,Master,Divorced,30733.82494262755,0,1,8,231,16,190,3,4,7,1
1048,1958,Graduation,Single,55023.59286225812,0,1,56,866,3,23,3,3,8,0
1049,1975,Graduation,Together,78426.23429305047,0,0,44,158,114,22,3,0,5,0
1050,1951,PhD,Divorced,44830.947880256994,2,0,17,341,21,188,4,4,8,0
1051,1969,Graduation,Married,60992.164954199194,0,0,47,1145,29,84,2,5,12,0
1052,1977,Graduation,Single,36954.39990969679,2,2,41,531,33,330,2,6,9,0
1053,1996,Graduation,Divorced,55896.09830321269,0,0,40,322,13,56,0,4,6,0
1054,1956,PhD,Married,77186.9425614888,1,0,74,399,41,6,2,3,3,0
1055,1993,Master,Single,65724.95946663886,0,0,88,826,61,157,1,3,7,1
1056,1957,Master,Married,20583.759337216863,0,2,89,963,14,172,3,6,7,0
1057,1996,PhD,Married,63413.89632071089,0,0,57,1041,32,120,2,3,9,0
1058,1984,Master,Married,64324.51557587104,1,0,99,294,42,172,3,6,6,0
1059,1963,Graduation,Together,55469.73946454177,1,0,41,145,6,111,4,10,5,1
1060,1966,Basic,Single,65350.44225404682,1,2,34,42,12,176,1,5,2,0
1061,1985,Graduation,Divorced,35329.95920564924,1,0,37,146,3,6,2,2,6,0
1062,1999,2n Cycle,Together,53265.26309608172,1,0,66,859,27,68,2,2,4,0
1063,1989,PhD,Divorced,74203.47881876203,0,1,40,661,48,35,1,2,5,0
1064,1953,Graduation,Single,72398.98966932735,0,0,98,222,28,15,3,2,6,0
1065,1951,Graduation,Married,62960.89948011942,1,1,49,231,5,40,3,6,8,0
1066,1955,Graduation,Together,34340.09552998234,1,0,85,110,23,31,2,3,6,0
1067,1991,Graduation,Married,31190.72458761443,1,0,71,181,54,542,1,4,5,0
1068,1953,Graduation,Single,54290.87348886709,0,1,78,375,10,50,3,1,6,0
1069,1978,PhD,Divorced,55615.48477451681,0,2,44,154,53,39,4,5,3,0
1070,1967,PhD,Married,49992.56455445487,2,0,70,62,46,270,2,2,5,1
1071,1975,PhD,Single,35904.300436066944,0,0,18,233,0,81,3,5,5,1
1072,1993,2n Cycle,Together,60739.22150780787,0,1,16,76,8,82,0,5,10,0
1073,1983,PhD,Together,54203.30697389083,1,0,64,1098,23,87,2,3,11,0
1074,1959,PhD,Married,57796.486331009466,2,2,92,148,37,80,2,3,6,1
1075,1985,Graduation,Married,63868.6751924822,0,2,76,721,63,59,2,5,5,0
1076,1963,Master,Married,46527.00424643975,1,0,55,76,30,50,1,5,4,0
1077,1980,Graduation,Married,42224.83245241127,2,2,92,62,14,320,1,6,6,0
1078,1997,2n Cycle,Married,74151.30646617246,2,0,40,287,6,26,3,4,7,0
1079,1964,Master,Together,36852.83026939664,2,1,41,453,42,29,2,3,5,0
1080,1957,PhD,Married,42616.51601075985,0,0,5,250,6,127,1,5,10,0
1081,1963,Graduation,Divorced,76684.95630854946,0,1,68,78,35,63,1,0,3,0
1082,1972,Basic,Together,41059.5149798068,0,1,97,11,5,82,0,4,5,0
1083,1989,Master,Single,50027.6471271888,0,1,74,288,2,246,1,5,3,0
1084,1970,Graduation,Together,43760.60261773944,0,2,72,42,8,350,3,6,3,1
1085,1965,Graduation,Together,16335.570374324052,0,0,39,126,10,234,2,2,4,0
1086,1994,Master,Divorced,49533.84695990406,0,0,40,337,31,40,0,7,8,0
1087,1967,Graduation,Married,31787.564728429043,0,1,8,30,5,586,1,5,7,0
1088,1996,2n Cycle,Married,57091.60865287122,0,1,7,40,79,67,3,6,7,0
1089,1973,Graduation,Single,74112.77020082224,1,2,43,19,24,27,1,4,7,1
1090,1975,Graduation,Married,15000.0,0,2,57,1662,20,103,4,4,3,0
1091,1974,Master,Married,43861.66031999439,0,0,66,146,17,193,2,5,2,0
1092,1994,Graduation,Married,61046.46465929962,0,0,12,708,25,13,3,2,6,0
1093,1990,PhD,Married,15000.0,0,0,18,104,0,150,1,4,9,0
1094,1978,Graduation,Together,78725.30720844463,2,1,97,419,138,292,2,3,2,0
1095,1964,Graduation,Married,59597.84073606967,0,0,95,74,24,45,2,4,5,0
1096,1994,PhD,Divorced,73664.25643863803,0,1,48,206,1,177,0,6,5,0
1097,1950,PhD,Single,40721.042737771415,0,0,79,522,26,76,4,5,7,0
1098,1974,PhD,Single,43133.58459447618,0,0,99,508,17,80,3,1,7,0
1099,1956,Master,Together,48781.27290401861,0,0,81,474,0,49,3,1,7,0
1100,1958,PhD,Divorced,94764.1809510308,0,0,77,520,77,146,1,3,3,1
1101,1973,Graduation,Married,78362.10720994133,0,1,29,71,0,67,2,4,6,0
1102,1950,Graduation,Divorced,54646.95399017494,1,0,65,197,25,266,3,4,5,0
1103,1993,2n Cycle,Single,57088.03543301568,1,0,76,199,97,494,3,3,3,1
1104,1957,Master,Single,64698.07623169866,0,0,90,663,8,410,2,3,10,0
1105,1973,PhD,Together,99831.09641982918,0,1,58,105,8,26,2,4,9,0
1106,1960,Graduation,Married,59654.39586114101,0,1,52,804,0,2,1,2,8,0
1107,1966,Graduation,Together,52919.1879223754,0,0,51,179,2,86,3,3,6,0
1108,1957,Master,Single,45228.032067700246,0,1,80,332,1,195,2,6,8,1
1109,1984,Basic,Married,56698.30495038882,1,0,30,93,51,568,2,6,2,0
1110,1984,PhD,Single,40259.56363297581,0,0,14,158,54,229,3,6,7,0
1111,1982,Master,Married,61921.846761537454,1,1,19,371,38,130,1,2,5,0
1112,1954,Master,Married,23348.06740416918,0,0,4,215,13,4,3,4,11,0
1113,1991,Graduation,Married,46789.98821187335,2,1,6,800,51,261,0,3,6,0
1114,1988,Graduation,Married,66692.65709454672,1,0,17,400,23,29,3,10,5,0
1115,1990,Graduation,Together,59382.47308674708,1,2,55,249,10,8,3,4,7,0
1116,1977,Graduation,Married,42747.507598966964,0,0,74,653,17,284,3,1,7,0
1117,1956,Basic,Widow,47359.50979166723,1,0,95,328,2,125,3,4,4,0
1118,1958,Graduation,Together,72706.69373384422,1,2,90,312,86,20,3,3,7,0
1119,1957,PhD,Married,27791.966079531576,1,0,89,84,28,73,2,5,0,0
1120,1961,Graduation,Single,27908.127041773398,0,0,44,150,39,13,0,4,3,0
1121,1983,Graduation,Divorced,33407.32095645006,1,0,27,344,33,152,4,2,6,0
1122,1982,Graduation,Single,51786.44271466713,0,0,49,667,33,49,2,5,9,0
1123,1997,Graduation,Married,24865.238654876157,0,0,1,113,0,301,3,6,3,0
1124,1972,PhD,Divorced,71060.03185531963,1,0,83,72,22,66,2,5,7,0
1125,1973,Graduation,Single,33514.15082288269,0,1,67,270,51,102,0,3,6,1
1126,1986,PhD,Married,56487.111154862585,0,0,76,20,1,9,3,4,4,0
1127,1984,Graduation,Married,40418.53798161194,0,1,23,376,93,48,2,8,11,0
1128,1993,Graduation,Together,50690.058383205476,1,0,47,364,16,169,2,2,5,0
1129,1989,Graduation,Married,19933.081806825132,0,0,44,131,10,199,1,4,6,0
1130,1971,PhD,Single,72026.32490419912,0,0,92,669,22,41,2,4,5,0
1131,1976,PhD,Married,32770.04003257198,0,0,57,209,48,105,4,2,5,0
1132,1984,Graduation,Divorced,30675.665579125947,1,0,35,311,19,255,2,0,4,0
1133,1950,Graduation,Together,99580.18026804185,0,0,1,70,31,71,0,4,9,0
1134,1984,Master,Married,63086.14621915216,1,0,17,162,20,21,1,6,7,0
1135,1986,Graduation,Married,71248.3281656615,0,0,48,595,29,84,1,1,3,0
1136,1996,Graduation,Together,61177.82792723797,1,0,7,71,4,137,2,5,8,0
1137,1963,Master,Single,42950.38880027197,2,0,57,148,1,1,2,6,9,0
1138,1952,PhD,Single,25863.00285089979,0,1,14,114,4,64,4,5,9,0
1139,1950,Graduation,Married,46023.59225148683,0,0,16,49,10,140,6,5,5,0
1140,1954,2n Cycle,Married,32436.813109488754,1,0,22,102,8,455,2,6,7,0
1141,1975,Master,Married,33637.69655130962,0,0,65,79,28,78,2,4,10,0
1142,1963,Graduation,Single,20336.253420606066,0,0,69,771,18,26,1,2,3,0
1143,1988,PhD,Married,54289.519195909925,1,0,92,405,1,114,0,4,5,0
1144,1976,PhD,Together,83468.24295051693,2,2,26,113,1,50,2,2,9,1
1145,1958,Graduation,Together,63162.734460528976,0,1,36,432,2,36,1,3,7,0
1146,1964,Graduation,Divorced,49884.19224296575,0,1,48,6,13,133,2,5,11,1
1147,1964,Graduation,Married,51188.562543796965,0,1,63,224,0,371,3,2,6,0
1148,1975,PhD,Married,15000.0,0,0,33,86,20,270,2,7,7,0
1149,1991,Graduation,Single,43523.29156201247,1,0,17,36,13,30,1,7,7,0
1150,1962,Master,Together,23466.48209559322,1,1,63,645,24,217,3,2,11,0
1151,1981,PhD,Married,54688.25055804553,1,0,73,66,38,39,2,7,8,0
1152,1988,Graduation,Divorced,46800.480226635314,0,0,43,518,8,51,1,5,3,1
1153,1998,PhD,Single,34613.90917584919,0,1,16,159,5,378,5,8,4,0
1154,1981,Graduation,Married,54237.93408977198,0,1,58,4,9,362,3,1,7,0
1155,1953,PhD,Married,54065.58306013886,0,0,12,395,0,27,2,5,6,0
1156,1979,PhD,Together,82372.48078912855,1,0,51,272,3,9,1,5,3,0
1157,1986,Graduation,Single,65728.35000893459,0,1,59,126,41,52,3,3,3,0
1158,1972,Graduation,Married,56339.45580073746,1,1,41,99,7,130,1,4,8,0
1159,1988,Graduation,Single,33049.71052697215,1,1,90,22,155,314,2,4,7,0
1160,1994,Graduation,Together,30531.217617850234,2,2,63,851,5,18,1,7,7,1
1161,1964,Graduation,Married,63976.96014873215,1,0,65,204,46,80,2,4,4,0
1162,1992,Graduation,Single,47998.6125511914,1,0,33,26,36,47,1,3,9,0
1163,1978,2n Cycle,Divorced,56987.31182253215,0,0,94,609,11,2,2,3,5,0
1164,1985,Graduation,Married,71560.0104834312,0,0,86,98,12,232,3,3,4,0
1165,1962,Graduation,Married,21737.224497163803,0,2,70,68,24,251,2,3,9,0
1166,1981,PhD,Together,79940.70770057988,0,2,63,98,57,37,1,8,4,0
1167,1956,Graduation,Divorced,71387.63573897992,1,0,32,249,14,24,4,2,5,0
1168,1971,2n Cycle,Widow,15000.0,1,0,11,23,1,23,3,4,11,0
1169,1977,PhD,Together,99061.84897821954,0,0,75,197,14,93,0,3,6,0
1170,1951,Master,Single,58427.526381629126,0,1,18,678,6,42,1,7,7,0
1171,1991,Graduation,Together,42429.233991540925,0,0,8,62,84,107,0,2,10,0
1172,1994,Graduation,Together,62381.24447209851,1,0,73,120,35,72,1,4,4,0
1173,1955,Graduation,Married,32450.507261225284,1,0,16,151,1,35,2,4,3,0
1174,1977,Master,Married,62922.56706387102,1,0,49,264,10,208,4,5,5,0
1175,1977,Graduation,Married,36130.07083329377,0,2,38,754,1,24,1,4,1,0
1176,1993,Graduation,Together,92407.19070941201,0,0,40,150,53,240,2,8,8,0
1177,1993,2n Cycle,Married,53202.00387812802,1,0,9,21,71,123,4,2,4,0
1178,1969,Graduation,Divorced,64996.46104145648,1,0,11,128,3,267,2,5,3,0
1179,1979,Graduation,Married,36278.69800695722,0,0,78,63,17,0,2,2,3,0
1180,1960,Graduation,Married,68329.92047786716,1,1,94,316,80,207,2,6,1,0
1181,1977,2n Cycle,Together,51748.39872995776,0,0,14,8,4,7,5,2,10,0
1182,1974,Graduation,Single,23762.965833561102,1,0,27,103,10,449,2,4,2,0
1183,1988,Master,Married,47224.74560223504,1,1,3,236,10,181,0,7,9,0
1184,1982,Master,Married,90622.22137725075,1,0,35,97,0,57,3,7,3,0
1185,1950,Graduation,Widow,69179.54052086615,0,1,64,240,1,57,4,6,5,0
1186,1976,PhD,Married,44420.49862187013,0,0,97,36,91,296,3,4,8,0
1187,1962,Graduation,Married,15000.0,1,0,46,858,25,349,2,3,4,0
1188,1990,Graduation,Single,35350.17643538737,1,1,80,103,10,333,2,1,6,1
1189,1952,Master,Married,23870.519919310773,0,1,38,769,14,248,5,6,6,0
1190,1988,Basic,Together,15099.839871330034,1,0,37,118,37,256,2,2,11,0
1191,1955,PhD,Married,67711.82260330605,0,0,43,456,13,127,3,2,7,0
1192,1957,PhD,Married,53247.74792760331,2,0,50,84,7,4,4,3,8,0
1193,1976,Graduation,Married,87902.16896687882,1,0,96,332,3,13,2,5,3,0
1194,1958,Graduation,Married,32047.16202404742,0,0,84,117,39,157,1,4,5,1
1195,1986,Graduation,Married,51954.3813048174,0,1,25,213,5,76,3,1,2,0
1196,1982,Graduation,Married,24116.512965061713,0,0,35,336,2,125,2,3,4,0
1197,1991,Graduation,Single,40102.53277667515,0,0,68,266,16,39,1,6,8,0
1198,1993,Graduation,Married,47557.800761348284,0,0,96,257,1,157,2,4,7,0
1199,1973,Graduation,Together,44506.920643767044,1,0,0,20,100,41,1,8,7,0
1200,1964,Graduation,Divorced,53070.81261231002,1,1,52,85,29,92,3,5,6,1
1201,1981,PhD,Single,71432.19126502774,0,0,5,254,4,97,2,5,5,0
1202,1981,Master,Married,69328.35170909108,0,0,36,5,5,29,1,1,9,0
1203,1973,Graduation,Divorced,36613.308318174015,0,2,1,86,25,313,3,6,4,0
1204,1990,2n Cycle,Married,51392.917562727016,0,0,68,78,13,111,1,4,13,1
1205,1998,Basic,Married,67881.92749918888,0,0,89,86,44,302,1,3,6,0
1206,1998,Graduation,Single,72714.73014859011,1,0,40,230,23,45,2,2,3,0
1207,1961,Master,Together,38776.86630691695,2,2,50,261,17,28,3,6,8,0
1208,1988,PhD,Together,66163.2890960048,0,2,46,719,98,2,2,9,2,0
1209,1951,PhD,Married,58622.93018375402,1,0,12,146,14,14,4,3,6,0
1210,1952,Graduation,Together,30680.21772922142,2,0,75,783,15,23,2,6,5,0
1211,1998,PhD,Married,68003.15925171471,0,2,68,316,32,12,1,4,5,0
1212,1986,Graduation,Divorced,55030.86416864938,1,0,65,731,49,340,5,6,6,0
1213,1998,PhD,Married,17172.187873469476,1,0,58,537,29,363,2,5,5,0
1214,1966,PhD,Divorced,46122.928785772616,0,1,67,349,35,415,3,4,4,0
1215,1998,PhD,Together,52797.15083169945,0,0,58,132,14,482,4,4,7,0
1216,1951,PhD,Single,39883.51042364813,1,0,90,82,19,101,0,1,5,1
1217,1951,Master,Single,76564.5685099705,1,1,9,75,6,113,1,4,4,0
1218,1977,Graduation,Single,77289.36981356211,0,0,12,912,34,21,1,3,10,0
1219,1972,Graduation,Married,44350.1968217431,0,0,1,955,7,22,1,5,4,0
1220,1986,Master,Married,42155.48957292516,0,0,89,387,0,222,0,4,6,1
1221,1981,Graduation,Married,49375.30653261358,1,0,14,645,81,290,1,1,7,1
1222,1982,Graduation,Divorced,47998.38868386638,0,0,45,753,10,230,1,5,7,0
1223,1950,Graduation,Single,40149.962123961544,1,0,56,214,6,269,2,4,9,0
1224,1968,Graduation,Together,15000.0,0,1,9,297,9,48,0,5,8,0
1225,1951,2n Cycle,Married,87096.23751199228,0,1,21,162,12,94,3,6,3,0
1226,1993,PhD,Married,52008.35927556285,0,0,88,162,19,92,3,0,7,0
1227,1975,2n Cycle,Together,48433.79776141847,0,1,78,11,2,803,2,4,5,0
1228,1981,PhD,Together,58503.38260103901,0,1,76,170,1,446,3,4,5,0
1229,1955,Graduation,Single,50398.8450293182,0,1,7,335,10,136,1,3,5,1
1230,1981,Graduation,Widow,43393.68310709101,0,0,20,164,10,22,0,5,7,1
1231,1953,PhD,Married,31887.080272161013,0,1,84,617,3,44,1,4,7,0
1232,1960,Graduation,Together,15227.74447008608,0,0,21,121,15,67,2,1,5,1
1233,1966,Basic,Together,24912.421400912128,0,0,96,42,10,309,0,5,3,0
1234,1987,Master,Married,29666.51866579706,1,0,44,500,0,28,1,6,10,0
1235,1973,Graduation,Married,65018.44316081938,1,1,90,336,65,37,1,3,6,1
1236,1954,2n Cycle,Married,66492.46293528788,2,0,39,83,65,64,4,2,3,0
1237,1983,Master,Divorced,34364.01791066458,0,0,21,230,7,392,1,4,6,0
1238,1955,PhD,Together,15000.0,0,1,29,154,5,105,2,9,4,1
1239,1971,Graduation,Together,52182.41439003753,0,1,61,838,23,156,4,8,2,0
1240,1960,Graduation,Divorced,43569.15568681363,0,1,72,280,29,73,4,4,6,1
1241,1997,PhD,Single,43074.750265997376,1,0,44,51,94,31,0,3,4,0
1242,1965,Graduation,Married,71118.74951528729,0,0,34,209,14,37,2,4,8,0
1243,1982,Graduation,Together,54773.05250945705,0,1,81,595,28,243,0,2,4,0
1244,1958,Master,Together,32472.407029598413,0,0,41,333,63,335,2,10,6,0
1245,1955,Graduation,Single,27871.739320819008,2,1,4,554,17,101,1,3,6,0
1246,1965,PhD,Single,46747.77286030087,2,0,26,86,3,66,3,8,5,0
1247,1978,2n Cycle,Single,33871.74475620716,0,2,69,657,14,247,0,1,3,0
1248,1952,Basic,Married,50552.04751944765,0,0,61,422,4,167,2,5,3,1
1249,1969,Graduation,Single,72522.84088803933,1,0,31,391,0,6,3,7,6,0
1250,1985,Basic,Married,24404.351768010998,2,1,7,127,41,64,3,6,2,0
1251,1968,Graduation,Married,53755.58869617937,0,0,84,655,8,171,3,4,7,1
1252,1975,Graduation,Married,70300.9996533878,0,0,17,304,0,127,2,8,3,0
1253,1952,PhD,Married,50276.25328363782,2,1,77,572,61,572,1,6,4,0
1254,1968,Graduation,Married,66431.61790235306,1,0,14,134,17,301,2,4,2,1
1255,1969,Graduation,Single,46254.550157690755,0,0,25,47,8,9,0,3,6,0
1256,1981,PhD,Divorced,55416.56158847274,0,0,52,121,9,194,2,5,5,0
1257,1956,Graduation,Married,60815.69864684353,2,0,43,182,8,61,2,2,4,0
1258,1990,Graduation,Married,40559.95123473731,1,0,31,228,6,171,2,2,6,0
1259,1982,Graduation,Married,91813.52034379999,1,1,27,214,55,144,1,3,9,0
1260,1989,Master,Married,63551.60360663843,1,1,38,236,5,104,3,4,6,0
1261,1988,PhD,Married,78059.70997433842,0,0,31,552,24,287,3,4,7,0
1262,1967,Graduation,Divorced,73420.47892721536,1,0,76,55,2,185,4,6,12,0
1263,1989,Graduation,Married,58545.78538566823,0,2,78,113,89,330,1,3,7,0
1264,1950,Graduation,Together,79715.78844719616,2,2,17,658,27,49,2,5,14,0
1265,1960,Graduation,Married,55758.29422383835,0,0,69,246,70,64,1,4,6,0
1266,1977,Master,Divorced,37404.49433651274,1,1,10,262,15,145,1,4,11,0
1267,1974,Graduation,Single,52296.384631259265,0,1,31,195,49,509,3,2,10,0
1268,1999,Graduation,Divorced,31876.661751697375,0,0,19,238,57,69,2,6,5,1
1269,1972,PhD,Single,15000.0,0,0,96,66,36,4,4,8,4,0
1270,1980,PhD,Married,34949.15513881949,1,0,39,237,2,88,4,5,8,0
1271,1979,PhD,Married,53457.6306594175,1,1,7,1760,0,117,1,4,8,0
1272,1991,Graduation,Single,73238.49570976163,1,1,34,250,5,242,4,8,4,0
1273,1984,Graduation,Married,34889.615908472915,0,1,68,13,3,195,5,4,5,1
1274,1956,Graduation,Together,72203.2490705431,0,0,98,477,38,501,1,3,4,1
1275,1965,Graduation,Married,27786.34028386246,2,1,77,151,24,228,3,3,10,0
1276,1975,PhD,Married,33609.550677210995,1,1,20,50,22,53,3,1,7,0
1277,1997,Master,Together,80983.13206792904,1,1,23,595,8,153,2,7,6,1
1278,1998,Master,Together,52952.42039924991,1,0,16,66,5,167,1,2,4,1
1279,1951,Master,Single,48527.56109430713,1,1,17,760,6,933,2,4,9,0
1280,1950,Graduation,Married,56705.59979815654,0,0,97,174,15,22,2,6,3,1
1281,1997,PhD,Together,27871.934985639084,1,1,11,407,40,31,3,5,4,1
1282,1961,Graduation,Married,45383.03742852355,1,1,15,237,8,25,0,2,6,0
1283,1954,PhD,Married,52053.22316253103,1,0,3,88,35,133,3,3,6,0
1284,1986,Graduation,Together,76627.61872358865,1,1,88,333,20,21,1,3,13,0
1285,1981,Graduation,Married,18591.65721397198,0,0,33,950,64,160,2,8,10,0
1286,1958,Graduation,Married,87259.80630751542,0,1,91,440,7,244,0,6,6,0
1287,1990,2n Cycle,Married,49507.045233499135,0,0,45,277,17,85,0,2,7,0
1288,1984,Graduation,Married,29788.875020659816,0,1,74,1401,3,123,3,2,4,0
1289,1968,Graduation,Married,26167.305677312175,1,2,76,92,12,365,2,5,6,0
1290,1997,Graduation,Married,57462.98634008413,1,0,30,19,21,126,1,3,7,1
1291,1965,Master,Married,25055.810398629485,0,0,24,9,39,35,2,5,6,0
1292,1952,PhD,Married,40797.529098138024,0,0,73,372,6,63,0,4,4,0
1293,1969,PhD,Together,47001.938782444035,2,0,23,531,7,113,2,3,7,0
1294,1973,Graduation,Married,74873.51478809651,1,0,64,302,29,25,3,2,13,1
1295,1982,PhD,Married,72369.06918527947,0,1,24,706,14,142,2,5,7,0
1296,1973,Graduation,Married,39140.15219762082,1,2,27,359,19,1078,2,4,8,0
1297,1960,Master,Single,47746.33659558156,0,1,35,139,54,158,3,5,5,0
1298,1998,PhD,Divorced,20092.301996485086,0,0,81,59,20,69,2,2,1,0
1299,1957,Graduation,Single,15000.0,0,1,5,775,31,60,3,3,5,1
1300,1985,Graduation,Single,27418.951048147606,0,1,65,32,32,402,1,3,4,0
1301,1987,Graduation,Together,74461.9472265162,0,0,66,234,48,307,0,3,6,0
1302,1989,Graduation,Single,67601.6144444292,2,0,71,113,30,95,2,9,9,0
1303,1969,Graduation,Together,59668.72525193228,1,0,94,94,2,65,2,4,8,0
1304,1984,PhD,Married,22847.51026758846,0,1,47,311,12,185,1,6,6,0
1305,1997,Graduation,Married,37766.808452177094,0,0,82,78,136,56,4,2,7,1
1306,1974,Graduation,Married,34843.579436427564,0,1,69,744,6,19,0,4,7,1
1307,1984,Graduation,Divorced,48680.03258758875,1,0,77,156,26,55,1,2,11,0
1308,1974,Graduation,Together,47418.92886735768,1,2,66,339,55,85,4,8,8,0
1309,1978,Basic,Single,31960.86286608343,0,0,47,390,26,44,2,3,9,0
1310,1967,Graduation,Married,58984.336157970865,0,1,64,344,13,36,2,2,3,0
1311,1995,PhD,Together,56578.927604084776,1,0,43,701,2,0,2,1,10,0
1312,1967,Master,Married,37423.53801814107,0,0,93,78,13,149,0,3,4,0
1313,1951,PhD,Married,58085.567832650624,0,1,62,26,6,142,1,1,8,0
1314,1984,Basic,Single,74485.70736661041,1,2,45,17,97,31,1,5,5,0
1315,1965,Graduation,Together,80561.21554246492,0,0,18,630,37,431,3,4,4,0
1316,1990,2n Cycle,Married,61813.24313219718,0,0,63,1086,41,79,2,2,6,0
1317,1985,Graduation,Single,61225.35886818712,0,0,82,108,17,3,1,6,7,1
1318,1982,Graduation,Married,47197.22171951377,0,0,72,354,3,37,4,3,1,1
1319,1953,PhD,Widow,72594.25791070318,1,0,70,2,9,176,3,6,6,0
1320,1982,2n Cycle,Married,30592.970973204257,2,1,49,62,9,33,1,5,1,0
1321,1963,Master,Married,70277.0028681633,1,2,62,350,20,8,4,3,5,0
1322,1970,Graduation,Married,46247.90531638394,1,0,40,20,18,144,4,6,4,0
1323,1997,Graduation,Married,81818.73654403459,0,0,6,189,17,109,1,8,3,0
1324,1969,2n Cycle,Married,63764.12814080149,1,0,8,325,20,214,2,4,6,0
1325,1957,Graduation,Together,50642.67537853799,2,0,3,435,130,222,2,5,6,0
1326,1956,Master,Divorced,47270.24702191453,0,0,88,181,10,482,3,4,4,0
1327,1952,Master,Single,62512.25708896874,0,0,48,298,28,8,1,1,3,0
1328,1966,Graduation,Married,61542.486953721105,1,0,75,232,8,5,2,5,3,0
1329,1982,Graduation,Together,44033.13990998945,1,0,5,16,18,653,2,4,6,0
1330,1997,Graduation,Married,53836.71516536693,0,0,81,407,6,155,3,3,5,0
1331,1961,Graduation,Married,69927.80174697204,0,0,20,56,24,188,1,4,5,0
1332,1971,Basic,Single,24732.874842395002,1,0,14,9,9,15,0,4,7,0
1333,1971,Graduation,Together,66517.56441107426,0,1,66,179,1,10,1,2,2,0
1334,1995,Basic,Married,62424.29156718707,1,1,65,602,50,26,1,3,10,0
1335,1979,Graduation,Married,75732.94951122982,0,1,55,49,4,83,1,9,3,0
1336,1987,2n Cycle,Widow,37686.92597393524,2,0,67,3,13,17,2,5,5,1
1337,1987,Graduation,Married,52114.32172185782,0,0,31,34,19,88,1,4,5,1
1338,1994,Graduation,Together,56101.36752009791,0,0,65,135,16,123,1,2,11,0
1339,1957,Graduation,Together,66775.93034400471,0,0,28,260,38,0,7,5,5,0
1340,1976,Master,Married,60582.33858322,0,1,65,64,27,18,0,5,7,1
1341,1976,PhD,Married,27208.898023754507,1,0,33,485,10,70,1,4,6,0
1342,1983,Master,Married,57820.88065723292,0,0,26,419,1,8,5,4,4,0
1343,1970,Graduation,Single,92084.57548540816,0,0,59,357,43,21,4,13,7,0
1344,1979,Graduation,Together,64235.1515192263,0,0,38,200,13,39,3,1,6,0
1345,1982,PhD,Together,84760.938890732,1,2,43,136,66,84,1,6,6,0
1346,1977,Graduation,Widow,72861.22754589625,1,0,81,141,15,188,1,4,6,0
1347,1996,Graduation,Single,79248.03870876819,0,1,35,209,37,21,3,3,4,1
1348,1982,2n Cycle,Together,58199.3732196941,1,0,18,24,84,200,4,5,4,0
1349,1954,2n Cycle,Together,62436.90219224234,1,2,90,343,31,289,0,10,9,0
1350,1997,2n Cycle,Together,57110.3551328275,1,0,44,129,16,158,1,3,5,0
1351,1968,Master,Single,52086.81730099046,0,1,83,76,25,6,2,3,6,0
1352,1953,Graduation,Together,66843.89960138209,1,0,20,97,23,87,2,5,9,0
1353,1984,Graduation,Together,41579.96121985598,0,1,22,59,26,161,2,5,5,0
1354,1998,PhD,Married,89707.64632029267,0,0,93,695,4,576,1,4,10,0
1355,1966,Master,Together,33439.740646234524,0,0,88,55,35,454,1,2,3,0
1356,1993,Graduation,Married,68227.76239834317,0,1,94,643,4,75,1,4,4,0
1357,1977,Graduation,Married,79573.42834607177,0,2,26,254,0,143,3,3,7,0
1358,1979,Graduation,Married,48467.564920791934,2,0,97,606,29,332,6,4,10,0
1359,1978,PhD,Together,29740.453777236726,0,1,71,192,3,266,4,3,7,0
1360,1995,Basic,Together,75110.59178564709,0,0,18,787,44,97,3,2,5,0
1361,1955,Master,Married,56067.9062010051,0,1,40,71,60,45,1,4,6,0
1362,1984,Graduation,Together,68266.32145203487,0,1,25,242,86,22,6,8,4,0
1363,1990,2n Cycle,Together,49810.90802325365,0,0,27,40,32,100,2,5,7,0
1364,1986,PhD,Married,86638.49364644794,0,1,63,177,19,192,2,2,7,0
1365,1973,Graduation,Single,15000.0,0,1,67,253,13,524,0,4,5,0
1366,1978,Graduation,Single,59523.55102567469,0,0,94,279,20,296,4,4,5,0
1367,1998,Graduation,Single,78834.98967503196,0,1,79,136,6,34,3,0,1,0
1368,1995,Graduation,Together,54106.78089658792,0,0,50,23,12,190,1,2,5,1
1369,1980,2n Cycle,Together,58047.17386033823,1,1,73,319,37,51,5,2,5,0
1370,1984,Graduation,Married,43319.76374865983,1,1,47,201,7,172,2,6,6,0
1371,1982,Basic,Married,52413.77015733235,1,0,9,44,9,164,1,2,7,1
1372,1970,Graduation,Married,18562.867737273897,0,1,72,824,41,47,1,2,7,1
1373,1981,Graduation,Widow,37631.37334760617,0,0,38,934,5,40,0,2,7,0
1374,1972,Graduation,Married,36264.897457955434,2,0,99,582,8,16,3,7,4,0
1375,1982,Graduation,Married,65382.47982058596,0,0,99,557,0,7,3,4,8,0
1376,1952,Graduation,Divorced,40572.60481424531,0,0,18,31,38,293,2,5,3,1
1377,1967,2n Cycle,Divorced,41150.4890012036,0,1,63,1507,28,7,3,2,3,1
1378,1974,PhD,Single,44441.53279429721,0,0,18,153,35,13,1,1,5,0
1379,1991,PhD,Married,37027.10594969365,0,0,75,53,7,40,1,5,3,1
1380,1980,Graduation,Married,57380.44538523395,1,1,61,501,34,327,0,3,9,0
1381,1952,Graduation,Married,59552.629388658184,0,0,12,76,27,60,2,2,5,0
1382,1989,Graduation,Married,68500.37159443519,2,0,24,224,13,31,3,4,6,0
1383,1995,PhD,Married,65055.00164575885,0,0,99,41,17,188,2,4,2,0
1384,1973,Graduation,Together,63055.15489969401,0,1,88,193,25,57,2,3,10,0
1385,1999,Graduation,Divorced,45420.63332005113,2,0,91,245,20,60,0,5,10,1
1386,1981,PhD,Married,44137.92499324242,1,0,41,177,30,201,1,2,3,0
1387,1996,Graduation,Single,34575.77995303087,0,0,38,21,5,43,1,1,6,0
1388,1971,Graduation,Single,34215.12622211798,0,1,29,199,23,340,1,3,4,0
1389,1972,Graduation,Married,55885.22819358521,1,0,4,189,17,123,0,5,6,0
1390,1951,2n Cycle,Single,37611.67918439838,0,2,80,90,18,115,1,3,10,1
1391,1976,PhD,Married,81366.48266711918,0,1,17,763,19,46,2,4,6,0
1392,1991,Graduation,Married,51249.98353851014,1,1,20,162,63,270,2,7,6,0
1393,1951,Graduation,Single,82027.80214319081,0,0,85,598,51,127,3,6,2,0
1394,1975,2n Cycle,Married,63435.34109142335,0,0,49,34,29,25,2,5,7,0
1395,1966,PhD,Widow,36455.27131056577,0,2,5,115,37,34,7,2,5,0
1396,1989,Graduation,Married,50759.07622836364,0,0,49,58,1,94,1,4,4,0
1397,1982,Basic,Together,18530.95317764568,1,0,79,157,40,226,2,4,6,0
1398,1958,Graduation,Together,55808.5071013057,0,0,65,35,19,420,1,3,13,0
1399,1992,PhD,Married,38284.63184309365,1,2,0,174,11,163,2,1,9,0
1400,1997,PhD,Married,29730.839835694776,0,1,56,131,4,105,3,1,6,0
1401,1988,Graduation,Together,82442.93517096095,0,0,29,75,2,43,2,7,12,0
1402,1978,2n Cycle,Single,72611.75481968575,0,1,57,308,1,167,3,5,7,0
1403,1991,Master,Single,72060.77957524925,1,0,51,904,5,604,2,4,4,1
1404,1975,PhD,Together,67642.22553301888,2,1,36,69,0,97,3,0,10,0
1405,1984,Graduation,Single,27302.219117484343,0,0,47,373,39,26,3,2,2,0
1406,1999,Graduation,Single,43990.41014386325,0,1,86,406,8,16,4,10,4,0
1407,1974,Graduation,Single,45209.927170602256,0,0,0,206,13,47,2,6,10,0
1408,1973,Master,Together,17805.258518021372,1,0,18,683,51,126,3,3,8,0
1409,1962,Graduation,Together,40859.978103120215,0,0,45,1017,3,440,1,1,5,0
1410,1956,PhD,Single,41078.04048765913,1,0,66,134,54,53,1,2,8,0
1411,1985,Master,Married,54519.97894989924,0,1,1,315,30,54,3,5,7,0
1412,1994,Graduation,Single,102647.75200476687,0,0,55,325,12,98,2,6,9,0
1413,1969,PhD,Together,51582.07446790522,0,0,16,155,3,376,2,9,8,0
1414,1950,Graduation,Married,54530.289091393344,0,0,91,114,2,81,2,4,5,0
1415,1957,2n Cycle,Married,46995.79454471716,1,0,81,814,12,37,1,6,6,0
1416,1995,Graduation,Married,66754.25760107489,1,0,96,468,4,26,2,5,10,1
1417,1965,Graduation,Together,30521.655827084458,0,0,78,36,9,91,0,3,4,0
1418,1963,Graduation,Single,89920.74990307877,0,0,21,38,1,241,2,4,2,0
1419,1961,Graduation,Married,49516.81585066362,0,0,26,767,27,51,1,4,9,1
1420,1972,Master,Single,44096.20333937871,1,0,54,25,4,107,3,5,11,0
1421,1964,Master,Divorced,71400.741473276,0,2,31,349,42,138,4,2,3,0
1422,1977,PhD,Married,34181.548159102924,0,1,59,77,7,89,3,3,9,0
1423,1983,Graduation,Divorced,66385.01966110666,0,0,82,10,47,31,5,5,8,0
1424,1951,Graduation,Widow,80103.40111190721,0,1,27,18,6,382,0,6,4,0
1425,1981,Graduation,Single,47173.14455193982,0,1,27,140,38,125,1,7,6,0
1426,1972,PhD,Single,93056.83226159742,0,0,73,24,12,195,4,3,4,0
1427,1971,Basic,Widow,64885.83052522508,0,1,83,272,26,151,1,3,4,0
1428,1974,Graduation,Together,65133.88519328859,1,0,24,312,1,935,4,1,8,0
1429,1971,Graduation,Married,79317.30670371979,0,1,84,140,20,91,1,4,6,0
1430,1971,PhD,Single,84614.69909272747,0,0,77,407,4,83,4,3,4,0
1431,1998,Master,Together,57236.7797281276,1,0,85,202,19,66,2,4,4,0
1432,1991,Master,Together,67938.10882753876,0,0,25,168,4,67,2,3,6,0
1433,1955,Basic,Married,79926.82986321856,1,2,74,156,17,48,0,3,9,0
1434,1964,Graduation,Single,28763.778472771257,0,1,70,169,3,591,2,1,5,0
1435,1992,Graduation,Married,17409.95200734705,0,0,16,1031,7,306,3,5,9,0
1436,1986,Basic,Divorced,50848.9215918819,0,0,81,343,27,57,3,6,5,1
1437,1982,PhD,Married,16930.172851612406,0,0,6,113,112,54,2,6,9,0
1438,1957,Graduation,Married,45720.098073840956,1,0,55,397,17,16,2,1,6,0
1439,1993,Master,Together,58287.47068398275,0,0,63,120,34,314,2,2,5,0
1440,1993,Master,Married,46487.224678897466,0,0,19,40,23,69,1,5,5,0
1441,1954,PhD,Single,49168.13903792619,0,1,37,193,20,127,3,4,4,0
1442,1988,PhD,Divorced,31966.6697275815,0,1,74,417,2,345,0,4,6,1
1443,1953,Graduation,Single,67762.87087941889,0,0,57,142,4,78,4,4,8,1
1444,1955,PhD,Married,30730.732657553206,0,0,15,610,64,246,2,9,7,0
1445,1994,PhD,Married,15000.0,0,2,50,146,15,84,0,7,4,0
1446,1981,Master,Single,47853.2245493356,1,1,26,129,28,181,1,2,7,1
1447,1979,Master,Divorced,70300.39849839912,0,1,50,1903,22,84,2,10,8,0
1448,1996,Master,Together,53596.61583765953,1,2,74,197,14,74,3,2,9,0
1449,1984,Graduation,Together,28704.0596983953,1,1,15,490,14,701,2,8,7,0
1450,1989,Master,Married,54039.01934812672,0,0,86,490,24,142,2,7,6,0
1451,1965,Master,Divorced,60766.074095366996,1,0,59,782,4,68,2,6,6,0
1452,1962,PhD,Together,53806.33383037853,1,2,75,26,14,44,2,4,5,1
1453,1999,Master,Married,46708.31506222828,0,0,39,94,17,6,2,2,5,0
1454,1991,Master,Married,61720.773632854965,2,0,66,437,126,183,2,3,5,0
1455,1979,Graduation,Divorced,17231.461943597096,0,0,1,248,12,69,1,3,5,0
1456,1968,PhD,Married,34120.89218474839,0,1,47,246,31,258,1,4,6,0
1457,1966,Graduation,Married,25895.838043893797,1,2,51,54,4,67,1,4,4,0
1458,1968,Graduation,Together,78967.72743976313,0,0,23,99,2,70,0,1,7,0
1459,1977,PhD,Married,66240.63441976775,0,0,92,221,61,226,2,5,6,0
1460,1975,Master,Married,55702.50068628035,0,1,97,97,39,100,1,6,5,0
1461,1986,Graduation,Single,22987.566932943835,1,0,83,70,11,324,2,7,5,0
1462,1975,Graduation,Divorced,66882.95577896238,1,0,81,27,21,133,1,7,10,1
1463,1972,PhD,Single,79730.80269983632,0,2,77,50,4,41,2,4,5,1
1464,1958,Graduation,Divorced,63429.89472927124,2,0,81,439,36,125,2,6,7,0
1465,1961,Graduation,Together,51296.45166992886,0,0,1,380,2,0,1,5,6,0
1466,1950,Graduation,Single,64634.3606370123,0,1,64,14,42,56,1,5,8,0
1467,1950,Graduation,Married,57458.32228505378,1,0,19,68,23,34,0,4,5,0
1468,1996,Graduation,Single,70521.52467279477,1,2,33,246,9,159,4,3,6,0
1469,1983,Graduation,Widow,70073.71283585907,0,0,40,116,59,21,4,7,3,0
1470,1981,Graduation,Married,47578.68926779347,0,0,40,519,128,51,2,3,3,1
1471,1997,Basic,Married,38787.172342317805,1,0,74,461,8,60,2,5,10,0
1472,1974,PhD,Together,44003.541186276445,2,0,90,666,49,0,2,3,6,0
1473,1989,Master,Married,62717.00670009868,1,1,22,248,41,7,3,3,3,0
1474,1994,Graduation,Married,45211.206964043835,0,1,37,130,41,55,1,4,8,1
1475,1950,Graduation,Single,36989.407636923526,2,2,43,279,94,37,3,2,5,0
1476,1965,Master,Widow,51980.93257493587,1,0,66,28,20,18,3,4,6,0
1477,1988,Graduation,Together,74149.13861337904,0,1,61,2,33,25,0,4,5,0
1478,1954,Graduation,Married,54702.16134268127,1,0,11,5,52,270,4,6,3,0
1479,1971,PhD,Married,46475.640079991455,1,1,29,157,19,172,1,2,3,1
1480,1978,PhD,Divorced,58408.6358589353,2,1,94,77,19,99,3,10,7,0
1481,1952,Graduation,Together,53680.784180997354,1,0,86,51,11,359,2,4,7,0
1482,1961,Graduation,Married,15000.0,1,0,64,286,45,4,3,4,9,0
1483,1975,PhD,Together,65935.18286038318,1,0,40,1595,34,63,1,3,6,0
1484,1965,Graduation,Married,60149.168798942184,0,0,19,58,17,260,0,3,6,0
1485,1986,PhD,Together,52323.43597891492,1,2,5,237,16,148,2,6,4,0
1486,1971,Master,Divorced,73247.13401445841,1,0,74,38,2,600,0,4,4,0
1487,1978,2n Cycle,Together,76259.98728500395,2,0,98,816,0,433,0,3,3,1
1488,1963,Graduation,Single,67975.37322947102,0,0,3,103,22,27,2,2,7,0
1489,1977,Master,Married,34993.98367928932,0,1,92,631,16,536,2,3,6,0
1490,1954,PhD,Single,35685.7777874608,0,0,9,99,47,436,3,3,8,1
1491,1996,Graduation,Single,74346.71080003967,1,0,50,492,23,70,2,4,7,0
1492,1998,Graduation,Married,15000.0,1,0,92,70,82,610,2,5,7,1
1493,1979,Master,Together,49023.04969675773,0,1,37,103,6,5,3,4,4,0
1494,1995,Graduation,Married,60796.51614062165,0,0,0,64,138,162,1,2,4,1
1495,1954,Graduation,Single,16991.84529104991,0,1,7,92,10,46,2,2,14,0
1496,1961,Graduation,Together,56686.86477700598,0,0,80,540,30,20,2,2,9,0
1497,1965,Master,Widow,71088.58153171904,1,0,82,305,20,129,3,2,7,0
1498,1975,Master,Married,22288.478597930487,0,0,62,156,13,54,2,3,9,1
1499,1975,Master,Single,85163.40413388316,0,0,32,1067,4,164,3,2,5,0
1500,1997,Graduation,Single,31803.398478021798,0,0,14,187,4,116,3,3,6,0
1501,1970,Graduation,Single,63494.7249295406,0,0,30,1049,37,74,2,4,9,0
1502,1988,PhD,Married,50328.07143282734,1,1,20,65,14,30,0,3,9,0
1503,1985,Graduation,Together,53390.31247400903,0,0,2,705,97,137,3,5,3,0
1504,1982,Graduation,Single,26330.097286516866,1,0,65,4,11,265,3,3,7,0
1505,1979,PhD,Married,77209.45924706118,0,1,34,236,123,137,3,3,8,0
1506,1986,2n Cycle,Married,58517.66926700467,0,0,40,165,6,141,2,3,7,0
1507,1972,Master,Together,84416.80353806312,0,1,58,223,3,107,2,7,8,0
1508,1959,Master,Together,26851.655588419464,1,1,15,241,11,73,2,3,3,1
1509,1954,2n Cycle,Married,48375.30732242612,0,0,55,147,65,91,3,3,8,0
1510,1985,Graduation,Married,56190.584794044145,2,1,44,1895,22,684,2,5,7,0
1511,1983,PhD,Married,53207.6629458985,1,0,58,1125,4,207,1,6,9,0
1512,1980,2n Cycle,Single,65335.706893448405,0,0,49,979,6,84,3,2,4,0
1513,1959,Graduation,Single,48121.62916152248,1,0,84,1160,11,91,2,1,7,0
1514,1968,Master,Single,94440.52092601372,2,0,11,472,26,103,2,5,8,0
1515,1981,PhD,Widow,52796.84644376359,0,0,91,1341,12,161,2,5,9,1
1516,1950,PhD,Together,15000.0,0,0,11,668,41,94,3,9,7,0
1517,1954,PhD,Married,53684.02016678744,1,0,32,161,28,173,0,1,9,1
1518,1994,2n Cycle,Married,77229.27969732365,0,0,83,460,62,59,0,5,7,0
1519,1953,Master,Married,33533.877962989325,2,0,48,729,20,79,1,2,9,0
1520,1965,Graduation,Divorced,32264.89621657527,0,0,20,374,12,299,1,2,8,0
1521,1973,Basic,Together,35192.20587320819,0,0,59,164,167,59,1,5,8,0
1522,1965,Graduation,Married,30470.46380045742,2,0,51,20,13,500,7,7,6,0
1523,1951,Graduation,Married,42411.965725880116,1,0,53,497,16,28,1,4,5,0
1524,1998,Graduation,Together,70185.94452698441,0,0,38,915,49,41,1,3,4,0
1525,1977,Graduation,Single,82526.65456825387,2,1,48,135,2,93,2,3,5,0
1526,1981,Graduation,Married,15000.0,0,1,63,49,14,239,2,3,9,0
1527,1976,2n Cycle,Widow,44430.90692845085,0,0,99,118,2,197,0,4,6,0
1528,1969,Master,Together,58053.95988753466,2,1,85,262,4,28,5,4,4,0
1529,1973,PhD,Married,56053.56726770382,0,0,25,114,0,40,1,6,10,0
1530,1961,Graduation,Divorced,89998.79333245778,0,0,70,282,0,128,1,3,3,1
1531,1999,2n Cycle,Married,15000.0,0,2,6,1022,14,52,5,2,5,0
1532,1984,2n Cycle,Divorced,15000.0,1,0,71,333,49,82,2,4,9,0
1533,1982,Master,Widow,93244.25048076513,0,2,61,135,26,100,2,3,13,0
1534,1982,Graduation,Single,67068.67386494673,0,0,89,823,30,135,1,7,4,0
1535,1992,Graduation,Single,40572.5682609418,1,0,87,250,21,43,2,3,6,1
1536,1986,Graduation,Married,55431.9754613591,0,0,23,41,51,26,1,5,5,0
1537,1961,Graduation,Divorced,56864.352451221326,1,0,39,207,63,76,4,3,7,1
1538,1952,Graduation,Together,40089.58419328041,1,0,75,318,56,12,2,5,9,0
1539,1950,2n Cycle,Single,54835.56741382868,0,0,46,546,50,112,0,3,3,0
1540,1982,Graduation,Divorced,59096.267493202395,0,1,7,826,6,274,2,5,6,0
1541,1989,Graduation,Widow,92310.60522725651,0,0,53,114,27,19,2,5,5,0
1542,1959,Graduation,Single,71269.02444571082,1,0,8,50,26,17,2,5,8,0
1543,1992,Graduation,Married,86786.4628048415,1,0,2,23,22,12,2,4,3,0
1544,1993,Graduation,Widow,25128.570326542114,0,1,53,402,19,282,0,2,5,0
1545,1978,Graduation,Together,45056.054807642846,0,0,20,475,2,12,2,4,2,0
1546,1962,Graduation,Divorced,56844.93967863251,0,0,94,157,3,615,2,4,5,0
1547,1961,Master,Single,15000.0,0,2,47,151,69,66,1,6,10,0
1548,1980,2n Cycle,Married,75637.1867621856,0,0,46,925,29,59,0,3,7,0
1549,1995,Graduation,Married,64844.19544622525,1,0,87,745,9,14,1,6,6,0
1550,1951,Graduation,Together,44656.82960092272,0,1,67,79,9,132,0,4,6,0
1551,1999,Master,Single,48333.3131299843,1,1,83,455,28,132,3,6,8,0
1552,1984,Graduation,Married,77077.33777647496,0,0,62,292,15,102,3,6,6,0
1553,1972,Graduation,Together,36091.241047260686,0,0,15,50,17,55,3,6,5,0
1554,1966,Basic,Married,77883.70699324575,0,1,73,132,1,68,1,2,10,0
1555,1975,Graduation,Single,46959.22526827424,1,0,89,58,4,57,0,6,2,0
1556,1957,PhD,Together,67119.92105553833,0,2,92,104,14,83,3,2,7,0
1557,1978,PhD,Married,53735.28411157974,0,0,4,286,36,62,2,4,6,1
1558,1975,Graduation,Married,96663.87693302371,0,0,10,141,1,168,0,7,6,1
1559,1959,Graduation,Married,34252.152197849486,1,0,28,150,12,52,4,6,5,1
1560,1975,Master,Together,40534.34754846132,0,1,78,232,35,64,3,5,6,0
1561,1983,Graduation,Married,21877.49044622338,0,1,69,27,47,85,1,2,4,1
1562,1990,Graduation,Married,30064.85665941358,1,1,47,402,6,0,1,4,2,0
1563,1956,Master,Divorced,66262.56215389032,1,2,14,154,39,101,2,3,4,0
1564,1953,PhD,Divorced,84003.27277730123,0,0,83,196,93,44,1,5,5,1
1565,1999,Graduation,Together,68529.61740720553,1,0,33,1098,71,8,1,2,5,0
1566,1994,Basic,Widow,51892.17000546267,0,1,59,126,46,362,2,6,8,1
1567,1960,Graduation,Married,34127.70996687893,1,1,61,313,37,58,2,3,4,0
1568,1978,Master,Together,69968.37343254301,1,1,1,149,8,83,4,4,3,0
1569,1985,Master,Together,33027.96189628325,0,1,79,674,30,263,0,2,8,0
1570,1974,PhD,Together,25020.965313884815,1,0,18,562,30,27,3,5,6,0
1571,1970,Graduation,Married,45830.61333580191,0,0,97,82,15,284,2,4,3,1
1572,1985,2n Cycle,Together,15000.0,0,2,48,353,20,41,1,2,4,1
1573,1959,Graduation,Together,24372.302508955025,1,0,77,20,35,133,1,3,5,0
1574,1986,Master,Single,89719.8067176564,2,0,87,990,91,173,5,6,4,0
1575,1958,Graduation,Married,20663.831510831955,0,1,27,128,10,353,2,4,8,0
1576,1973,Graduation,Married,28237.032379083772,0,0,47,534,8,140,4,4,7,0
1577,1984,Graduation,Married,53436.658154133285,0,1,95,115,27,90,2,3,7,0
1578,1998,2n Cycle,Married,54478.0776006003,2,0,36,300,4,127,4,4,5,0
1579,1984,2n Cycle,Together,47307.51405242292,1,1,73,1232,26,33,2,5,6,0
1580,1997,Graduation,Married,15000.0,1,1,48,628,2,175,0,7,8,0
1581,1985,Graduation,Divorced,68969.7865527558,0,0,47,52,20,31,1,2,5,0
1582,1967,Master,Married,43138.93200484007,1,0,72,237,29,122,0,1,4,0
1583,1998,Graduation,Married,76408.99044349803,1,0,87,128,2,156,1,1,6,0
1584,1988,Graduation,Single,39103.647569423054,1,0,99,170,6,343,1,5,3,0
1585,1981,PhD,Married,71649.88678281153,0,0,28,122,12,89,2,3,7,0
1586,1973,PhD,Together,77921.66898158871,0,0,59,122,13,223,1,4,7,1
1587,1972,2n Cycle,Single,42661.154484923594,0,0,28,234,33,27,1,2,6,0
1588,1981,Graduation,Married,69609.00388211294,1,0,57,63,22,25,1,3,5,1
1589,1986,Graduation,Married,25429.106437672057,0,0,47,231,14,111,2,1,3,0
1590,1961,PhD,Married,57273.789741389875,1,1,22,98,17,136,3,5,3,0
1591,1998,Master,Married,76444.5541670968,0,0,26,102,0,150,1,7,9,0
1592,1962,PhD,Married,62369.85691928247,1,1,94,402,44,205,0,5,5,1
1593,1972,PhD,Married,100124.47845706479,0,1,6,9,1,52,3,7,5,0
1594,1974,Graduation,Married,63487.15984582312,0,1,48,143,53,146,3,2,7,0
1595,1984,Master,Together,44694.57494784998,0,1,53,157,23,31,5,5,6,1
1596,1990,Graduation,Single,108817.72786002996,0,0,67,199,22,37,2,5,5,0
1597,1979,Graduation,Together,84674.020346951,0,1,77,331,36,10,2,3,6,0
1598,1966,PhD,Married,19941.848764032064,1,0,41,138,58,206,4,5,8,1
1599,1998,Graduation,Married,36316.72790143371,0,1,73,71,85,106,1,3,6,0
1600,1969,Graduation,Divorced,31236.83785917353,0,1,58,648,23,40,2,7,3,0
1601,1997,Basic,Together,64912.59209018112,0,0,43,1189,4,121,2,4,8,0
1602,1974,Graduation,Divorced,63423.16073633577,0,0,97,6,63,65,1,2,7,0
1603,1971,Master,Married,63269.03864790998,0,0,25,237,1,272,0,7,7,0
1604,1962,Graduation,Together,19401.810810020987,0,1,22,125,49,112,3,7,6,0
1605,1968,Master,Together,39238.16906789901,0,0,72,97,34,4,5,5,11,0
1606,1998,Graduation,Married,49014.29490552712,0,0,7,122,70,630,2,4,6,0
1607,1985,Graduation,Together,15561.589013585559,1,0,52,305,68,11,2,4,5,0
1608,1961,2n Cycle,Together,34563.44466884219,0,0,13,63,1,178,2,1,4,0
1609,1990,Master,Married,79128.67420331464,0,2,70,732,28,86,3,5,5,0
1610,1968,Graduation,Married,20918.480040608232,0,1,6,188,3,43,4,3,6,0
1611,1961,Graduation,Single,81105.20987436961,1,0,8,118,2,169,0,5,3,0
1612,1958,Basic,Divorced,73822.98185071004,1,0,2,435,17,20,1,7,4,0
1613,1956,PhD,Married,46185.25560391038,1,0,77,4,3,293,0,1,7,0
1614,1977,Master,Married,39022.54001264631,0,0,16,169,39,43,3,2,8,0
1615,1963,Master,Married,68636.552442906,1,1,43,131,104,67,0,5,7,0
1616,1980,Graduation,Single,36245.19678208738,0,0,85,123,25,150,2,2,10,0
1617,1968,Graduation,Married,37240.04100107752,0,0,45,123,8,0,6,3,6,0
1618,1996,PhD,Widow,51522.63191990543,1,1,89,9,55,96,2,5,7,0
1619,1965,Graduation,Married,15000.0,0,2,57,49,57,337,2,3,8,1
1620,1954,Graduation,Married,23000.488031965877,2,0,27,45,39,171,0,3,9,0
1621,1984,2n Cycle,Together,45686.77501997034,0,0,13,1342,28,73,1,3,8,0
1622,1961,PhD,Single,61513.920644251986,2,0,8,6,60,162,0,1,9,0
1623,1974,Master,Together,35968.52123842643,1,1,25,54,5,413,3,8,7,0
1624,1970,PhD,Together,48047.79043956635,0,2,1,1096,80,31,1,8,7,0
1625,1985,PhD,Widow,19730.81183724736,0,0,74,296,88,113,3,5,4,0
1626,1972,Graduation,Married,70649.67704540641,0,0,80,179,61,40,2,3,14,1
1627,1965,Graduation,Divorced,56401.64659121963,2,1,33,24,8,288,0,7,9,0
1628,1988,Graduation,Married,58170.91805278434,0,1,18,332,58,191,3,5,4,0
1629,1994,Graduation,Single,61765.0123596979,1,2,38,44,20,242,2,7,3,0
1630,1991,Master,Together,53562.55006989571,2,0,81,333,27,429,4,1,7,0
1631,1988,Graduation,Married,42324.54482852002,0,0,12,1161,55,39,1,2,7,0
1632,1963,Graduation,Divorced,74593.09097440616,0,0,4,227,0,7,0,3,5,1
1633,1980,Graduation,Married,55137.62295521546,1,0,49,72,13,51,3,6,7,0
1634,1954,Graduation,Married,48685.61142653151,0,0,22,294,50,76,1,1,10,1
1635,1984,Graduation,Together,51826.90692158992,0,0,87,215,50,147,1,2,9,0
1636,1972,Graduation,Married,51400.698670225196,0,0,28,228,56,239,1,6,8,0
1637,1978,Graduation,Together,48484.68792149376,0,1,71,195,5,64,1,3,5,0
1638,1992,Graduation,Married,60922.12725015815,1,0,25,336,36,96,2,2,10,0
1639,1960,Graduation,Married,33282.79555755263,0,1,78,254,4,230,2,7,4,1
1640,1967,Master,Married,34744.17928519384,2,0,56,1302,46,38,1,3,8,0
1641,1996,Graduation,Married,63185.27378857271,0,1,0,524,8,36,1,6,9,0
1642,1961,Graduation,Together,49095.213185444074,1,0,27,92,40,133,1,5,7,0
1643,1958,PhD,Single,71427.86204286192,0,1,61,388,18,85,2,2,3,1
1644,1959,Graduation,Divorced,60177.58001263727,0,0,46,72,128,446,2,6,7,1
1645,1993,Basic,Single,40947.44179847536,0,0,77,457,26,66,2,1,4,0
1646,1966,PhD,Married,63501.92726257349,1,1,97,47,30,213,3,3,3,0
1647,1987,Graduation,Together,75943.81915917872,1,0,58,192,13,131,7,1,8,0
1648,1956,PhD,Married,60939.591122425074,0,0,30,469,39,8,2,4,5,0
1649,1995,Graduation,Married,65311.69886133593,0,1,69,98,20,13,4,5,7,0
1650,1962,PhD,Together,48564.582987931935,0,1,48,544,0,34,3,4,7,0
1651,1989,Graduation,Married,71860.79765761006,0,0,4,309,28,23,4,4,2,0
1652,1991,Basic,Married,40386.19170140712,1,0,30,152,53,59,2,2,3,0
1653,1958,Graduation,Divorced,58770.86051481033,1,0,36,165,8,129,2,3,5,0
1654,1999,PhD,Together,103390.12304871865,0,0,78,781,7,138,5,4,7,0
1655,1976,PhD,Together,62777.6211205132,2,2,14,73,28,132,1,3,8,0
1656,1951,Graduation,Married,43585.77538816263,0,0,51,354,51,18,3,5,11,0
1657,1954,Graduation,Married,43534.15516617201,1,0,68,368,8,137,5,0,10,0
1658,1978,Master,Divorced,50573.16605419311,0,2,91,767,80,79,3,3,6,0
1659,1986,Master,Married,69024.91563458822,0,0,96,374,78,350,1,3,4,0
1660,1987,Graduation,Together,54915.550183347645,0,1,10,263,6,364,3,1,4,0
1661,1968,Master,Married,39029.44373523207,0,0,42,698,9,219,0,4,3,0
1662,1957,2n Cycle,Together,38994.0601442262,1,0,69,530,36,182,3,7,11,0
1663,1997,Basic,Married,55040.986620459604,1,0,22,378,90,18,1,1,8,0
1664,1994,Graduation,Single,52847.89973477582,0,0,39,9,37,13,1,5,5,0
1665,1950,Master,Single,61099.523382380416,1,0,62,140,17,275,1,6,4,0
1666,1971,Graduation,Single,70349.79791569788,0,0,1,299,5,83,4,3,6,0
1667,1966,2n Cycle,Married,106547.19404818998,1,0,78,221,18,90,2,4,6,0
1668,1956,Graduation,Single,22759.32966464799,0,0,86,115,28,282,1,10,3,0
1669,1974,Graduation,Together,65737.24254572882,0,0,85,46,12,145,2,3,4,0
1670,1994,Master,Married,53966.1541677658,0,0,72,241,21,29,0,8,5,0
1671,1953,Graduation,Together,15108.475377788229,0,0,46,101,4,35,4,2,4,0
1672,1985,2n Cycle,Married,76990.61447303454,1,1,29,79,18,0,3,4,2,0
1673,1955,2n Cycle,Married,60423.46453163895,0,0,15,152,2,186,3,6,6,0
1674,1980,PhD,Single,67996.12585640313,0,0,58,461,1,99,5,4,6,0
1675,1968,Graduation,Married,18011.621098046344,0,1,46,200,58,449,3,5,8,0
1676,1993,PhD,Together,47591.66145003583,1,0,29,73,6,187,1,4,3,0
1677,1988,Graduation,Married,30416.06110211408,1,1,8,37,25,16,3,4,7,0
1678,1976,Graduation,Divorced,95262.01885361224,0,1,64,207,4,26,1,5,4,0
1679,1959,Master,Widow,74891.00691488762,0,0,58,474,9,104,4,7,7,0
1680,1975,Graduation,Divorced,38380.64433429076,1,0,63,317,13,388,3,2,4,0
1681,1968,Graduation,Married,21267.221981007955,0,2,7,79,4,42,0,8,4,1
1682,1988,2n Cycle,Married,55881.1013276751,0,0,51,172,1,261,5,3,2,0
1683,1952,Graduation,Together,73848.4400458872,0,1,17,579,62,56,3,3,5,0
1684,1994,Graduation,Married,17298.92789128141,0,0,90,58,0,47,3,2,9,0
1685,1962,2n Cycle,Married,33364.50658013661,0,0,81,227,1,347,7,5,6,0
1686,1999,Graduation,Together,29888.305819720823,1,0,95,132,49,7,1,3,5,1
1687,1977,Master,Together,69338.92331821175,0,0,57,39,9,162,2,4,3,0
1688,1969,2n Cycle,Widow,44603.41822910975,1,0,48,15,38,6,2,4,5,0
1689,1977,2n Cycle,Married,45441.26955244989,0,1,31,243,4,241,4,2,5,0
1690,1957,PhD,Married,55493.093612779354,1,2,47,6,8,265,2,5,7,1
1691,1990,Graduation,Married,34434.38375341972,0,1,44,32,25,335,1,0,4,0
1692,1988,Graduation,Divorced,23126.265265448706,0,0,53,128,134,30,2,4,6,0
1693,1950,Master,Single,79393.7032472057,0,1,99,13,2,19,2,4,2,1
1694,1952,Basic,Single,81249.71416959188,0,1,99,153,15,105,1,1,10,1
1695,1962,PhD,Divorced,55591.649189263575,0,2,84,41,1,47,1,2,8,0
1696,1977,Graduation,Together,57043.1101133524,1,0,45,129,6,139,2,2,9,0
1697,1998,Graduation,Together,77220.27953160016,0,1,95,469,71,108,3,3,7,0
1698,1974,Graduation,Married,55133.0711320748,2,0,30,295,3,23,1,2,3,0
1699,1982,Master,Together,43618.44188112709,2,0,36,176,58,201,3,4,12,1
1700,1987,Graduation,Together,52786.78253554926,0,2,15,28,5,244,3,3,9,0
1701,1955,2n Cycle,Together,79863.37274334945,2,0,45,289,59,494,1,1,4,0
1702,1993,Master,Divorced,53066.433368576116,0,0,45,53,23,75,3,2,6,0
1703,1994,Graduation,Widow,38612.34930692895,0,1,77,23,63,61,1,5,7,0
1704,1981,PhD,Single,54940.04098570195,0,0,87,327,4,32,4,3,9,1
1705,1994,Graduation,Single,65124.46275071528,0,1,88,729,43,29,1,3,5,0
1706,1996,PhD,Single,62725.06989811397,0,1,60,185,34,58,1,0,5,0
1707,1970,Master,Married,63056.47896143219,2,0,45,12,23,601,2,0,5,0
1708,1965,Master,Married,35466.4464173314,0,0,50,636,49,14,1,4,10,0
1709,1970,Master,Single,67402.07133116914,0,1,61,20,31,45,3,7,3,0
1710,1960,Graduation,Single,52569.318784245785,1,0,34,606,62,13,2,4,7,0
1711,1986,Graduation,Married,37764.1766506109,0,2,80,149,14,47,2,5,3,1
1712,1985,Master,Divorced,67243.03427304067,0,1,41,136,26,14,1,3,7,0
1713,1984,Graduation,Married,42927.22302166472,1,0,44,234,61,106,0,3,4,0
1714,1968,Graduation,Married,20514.05302888894,0,0,67,944,7,86,2,5,3,0
1715,1969,Graduation,Single,31987.95237779356,0,2,74,687,19,28,1,4,5,0
1716,1967,PhD,Married,48367.26133905834,0,0,46,190,97,28,2,5,2,0
1717,1996,Graduation,Married,63566.04564222558,0,0,78,357,19,147,4,2,3,0
1718,1990,PhD,Married,34718.60095823818,2,1,29,260,8,73,3,5,5,0
1719,1998,2n Cycle,Single,47186.7507912493,1,1,23,354,12,8,0,6,5,0
1720,1963,Graduation,Together,27667.85536673884,0,1,65,530,64,379,4,3,5,0
1721,1964,Graduation,Single,71640.65832479623,0,0,42,10,92,77,0,2,9,0
1722,1980,Graduation,Together,86346.62227911103,0,1,33,118,89,134,7,3,6,0
1723,1950,Basic,Married,84185.65048976641,2,1,22,960,36,324,0,4,8,0
1724,1952,Graduation,Widow,71299.59100972276,0,1,60,894,21,77,2,3,12,0
1725,1965,Graduation,Married,69250.19914240524,0,2,94,3,6,257,4,9,8,0
1726,1972,Graduation,Widow,15000.0,1,0,36,67,3,369,2,4,5,0
1727,1960,Master,Together,55543.464644402105,2,1,12,1523,1,28,3,4,8,0
1728,1961,Graduation,Widow,42078.14752680184,0,2,96,203,0,334,4,4,4,0
1729,1959,Master,Married,69609.32722089802,0,0,70,255,63,19,5,3,13,0
1730,1981,2n Cycle,Together,15000.0,0,0,95,54,49,48,2,2,7,0
1731,1965,Graduation,Married,55859.354055403564,0,1,6,674,25,247,3,2,4,1
1732,1957,Master,Married,47711.12432335195,1,0,41,78,199,346,4,3,8,0
1733,1987,Graduation,Together,74368.59865862809,1,0,37,63,91,172,4,2,5,0
1734,1961,Basic,Married,82959.74107349478,1,0,51,77,31,16,3,8,7,0
1735,1973,PhD,Together,33423.07965974463,0,0,43,756,18,111,2,4,3,0
1736,1977,Basic,Married,34325.7912820637,0,0,63,364,4,127,1,4,7,0
1737,1957,Graduation,Married,56609.93242423427,0,0,12,439,21,49,2,6,9,0
1738,1977,Graduation,Single,86675.25383043083,0,2,87,141,5,711,2,8,8,0
1739,1985,Graduation,Together,53202.89354566032,1,1,27,719,15,61,4,6,3,0
1740,1975,Graduation,Together,26416.77169291339,0,1,95,467,85,35,0,3,3,0
1741,1957,Graduation,Together,39882.63107673414,0,0,81,416,12,17,6,5,4,0
1742,1999,Graduation,Single,56053.28328926923,0,1,97,1061,4,71,1,0,10,0
1743,1977,Graduation,Married,56804.04857127913,0,1,97,136,26,176,2,1,3,0
1744,1977,Graduation,Single,37918.24728815253,0,1,0,283,27,39,1,5,6,0
1745,1986,Master,Widow,39484.18612440756,1,0,42,722,6,220,0,4,3,0
1746,1990,Graduation,Single,32368.640108872034,0,0,41,469,6,21,1,9,4,0
1747,1985,Graduation,Together,74823.42367707592,1,1,94,248,136,87,1,3,4,0
1748,1976,Graduation,Together,35304.49641413221,0,1,49,23,8,181,1,3,4,0
1749,1966,Graduation,Single,42704.11592163432,0,1,59,317,54,21,3,5,6,0
1750,1958,2n Cycle,Together,42134.94166952095,2,0,0,224,19,136,1,3,8,0
1751,1982,Graduation,Married,19880.855049692174,0,0,50,61,17,240,5,3,6,0
1752,1969,Master,Married,34731.69390364368,1,1,15,641,10,135,4,1,2,0
1753,1962,2n Cycle,Single,76562.75198573076,0,0,38,126,44,107,4,3,2,0
1754,1977,Master,Married,27814.24316418544,0,1,14,147,63,273,1,7,7,0
1755,1997,PhD,Single,32727.15396347265,1,2,32,334,9,634,3,1,9,0
1756,1978,Master,Married,25349.084524414815,1,1,86,201,2,30,3,5,6,0
1757,1962,2n Cycle,Together,50187.76879537478,1,0,52,28,4,176,4,4,10,0
1758,1995,PhD,Married,89709.53442532581,0,0,97,147,47,12,0,4,14,0
1759,1984,PhD,Married,49346.11556945857,0,1,16,29,17,6,1,3,7,0
1760,1955,PhD,Widow,53335.242507087794,1,1,88,63,4,49,1,2,8,1
1761,1967,PhD,Divorced,36091.05528266023,1,0,5,2,12,530,0,4,9,0
1762,1954,PhD,Single,50767.63910415455,0,0,30,60,21,120,3,3,5,0
1763,1996,Graduation,Together,76581.00612695231,0,0,68,120,57,46,1,5,8,0
1764,1974,Graduation,Single,54858.18775276347,1,1,39,231,30,21,3,6,6,0
1765,1951,Graduation,Together,94635.40164124328,0,1,29,755,5,379,6,3,8,0
1766,1959,Graduation,Together,77189.59424611382,0,2,68,233,5,67,1,3,3,0
1767,1979,Graduation,Married,50273.67309110134,1,0,75,366,15,54,1,5,6,0
1768,1999,Graduation,Together,49884.242488157695,0,1,6,132,2,292,7,1,7,0
1769,1994,PhD,Single,84618.46275247262,0,0,12,417,42,139,2,1,10,1
1770,1954,Graduation,Widow,54746.511517104576,1,0,3,290,15,27,1,5,4,0
1771,1982,Master,Married,80178.43120543446,0,1,49,184,12,82,1,2,7,0
1772,1950,Graduation,Single,92058.14680253333,1,0,2,64,21,395,3,1,5,1
1773,1967,Graduation,Together,47915.612643517816,0,0,11,108,37,347,3,6,2,0
1774,1981,Master,Together,59039.10731870031,0,1,64,291,25,10,0,3,6,0
1775,1996,PhD,Married,71600.08369132759,0,0,26,166,48,46,0,5,9,0
1776,1998,Graduation,Together,67350.0007804504,2,0,49,660,29,25,2,3,4,0
1777,1960,Basic,Married,67209.81465841003,0,0,76,80,46,114,2,4,3,0
1778,1970,Basic,Married,25330.523456445302,0,0,16,22,35,207,2,6,7,0
1779,1975,Graduation,Single,35031.665436764015,0,2,71,267,6,52,1,3,5,1
1780,1974,Graduation,Single,42094.65958117625,0,0,31,651,1,212,3,3,5,0
1781,1971,2n Cycle,Together,76288.41606937352,0,1,83,136,70,165,1,5,5,0
1782,1976,PhD,Divorced,27292.50185746228,0,0,50,312,87,195,2,7,8,1
1783,1998,PhD,Married,82464.53414357678,0,0,16,78,38,444,3,5,6,0
1784,1962,Master,Married,67596.68228157365,0,0,33,245,38,82,0,1,7,0
1785,1982,Graduation,Single,75084.60449445547,1,1,34,463,9,62,2,2,6,1
1786,1983,Graduation,Married,33409.33845510002,1,0,98,605,23,172,2,4,5,0
1787,1990,Graduation,Married,53446.04725380261,0,1,23,33,145,247,0,1,4,0
1788,1984,Master,Married,57978.85572262632,0,0,53,132,58,31,1,3,1,0
1789,1950,PhD,Married,57099.34004045387,1,2,17,306,10,281,1,3,6,0
1790,1970,PhD,Single,57913.14801693435,1,1,49,10,10,8,1,5,5,0
1791,1997,Graduation,Married,46469.47039209777,0,1,45,351,19,0,2,10,8,0
1792,1955,Graduation,Together,54704.141621273186,2,1,47,225,15,25,4,5,8,0
1793,1977,Graduation,Married,72671.27910130373,0,1,32,102,13,577,0,2,7,0
1794,1966,Master,Single,28669.753831182195,0,1,86,505,29,111,3,4,5,0
1795,1954,PhD,Married,82941.00237810807,0,0,88,102,0,7,1,4,3,0
1796,1980,Graduation,Single,71637.97912736895,2,0,26,1427,43,880,1,4,9,0
1797,1954,Basic,Together,32695.962146333335,0,1,0,508,40,204,0,3,5,1
1798,1987,Graduation,Married,59676.72086910643,1,0,84,369,53,273,1,5,4,0
1799,1952,2n Cycle,Together,70029.97552316089,0,0,58,18,55,35,1,2,5,0
1800,1972,Graduation,Married,27294.133522286324,0,0,9,703,25,16,1,2,3,0
1801,1986,PhD,Together,52839.56866753202,0,0,94,468,45,108,1,2,14,0
1802,1986,Graduation,Married,50429.693983299876,1,1,24,78,20,221,1,4,10,0
1803,1959,2n Cycle,Divorced,39088.38914986211,0,0,83,149,90,152,2,7,7,0
1804,1959,Graduation,Married,53847.13673528026,0,2,56,93,6,149,4,2,10,0
1805,1968,Graduation,Single,39994.2684807442,0,2,65,1248,74,212,6,8,7,0
1806,1966,Graduation,Married,79486.14137941474,1,2,14,577,8,38,1,2,5,0
1807,1970,Graduation,Married,39467.113573451796,0,0,27,798,3,162,1,8,7,0
1808,1963,Graduation,Together,67839.57880026316,0,0,12,466,17,74,2,6,9,0
1809,1958,2n Cycle,Divorced,18892.27224759671,0,2,13,182,28,10,1,8,8,0
1810,1995,Graduation,Married,48763.80392300078,2,2,65,68,7,33,0,5,4,0
1811,1950,Master,Married,52246.22314702718,1,1,33,69,24,236,1,4,6,0
1812,1994,PhD,Married,48114.17898768939,1,0,98,49,49,339,2,4,8,0
1813,1962,PhD,Married,44073.63405609218,0,0,24,237,8,49,0,5,5,0
1814,1953,Graduation,Married,38649.69949309755,0,1,53,757,26,31,1,5,5,0
1815,1950,Graduation,Together,67090.81560029805,2,0,78,1441,12,4,2,5,7,0
1816,1998,Master,Married,71989.1571019076,0,1,11,101,22,442,2,4,10,0
1817,1989,2n Cycle,Married,50356.782282866996,0,1,8,358,32,172,5,4,3,0
1818,1981,Graduation,Single,30067.249839567205,0,1,30,272,12,472,0,4,8,0
1819,1983,Graduation,Married,87878.98662773657,2,0,77,201,155,299,2,3,7,1
1820,1977,Graduation,Married,34404.05134184239,0,0,92,328,24,62,3,3,6,0
1821,1980,2n Cycle,Married,22811.554830337052,0,2,52,139,52,17,1,3,10,1
1822,1957,Graduation,Together,15000.0,1,1,42,867,38,103,1,5,7,1
1823,1988,Graduation,Married,53989.03793825321,0,1,37,366,57,4,4,1,2,0
1824,1975,Basic,Together,47651.67228969527,0,1,41,420,5,24,1,3,5,0
1825,1983,Graduation,Married,72619.13298292679,2,1,71,83,7,39,3,6,6,0
1826,1952,Graduation,Together,64221.691268910945,2,1,47,55,20,164,2,4,6,0
1827,1999,PhD,Married,57804.02449170076,1,0,66,150,57,106,4,6,4,0
1828,1961,2n Cycle,Together,46572.65609074501,1,0,65,436,6,54,3,4,4,0
1829,1950,Graduation,Single,74199.54544395334,0,0,15,838,106,124,3,3,8,1
1830,1993,Graduation,Together,89347.79803505066,2,0,82,167,4,20,6,3,3,1
1831,1954,Graduation,Married,72179.58398259808,0,0,93,446,5,211,2,2,5,0
1832,1979,Graduation,Married,42729.3673830158,1,0,15,190,5,186,3,4,4,0
1833,1979,PhD,Married,67631.3110776435,2,1,30,104,26,36,0,2,7,0
1834,1966,Graduation,Married,43958.2054906557,1,0,57,403,74,139,1,2,9,0
1835,1997,Graduation,Married,29898.653682800512,1,0,27,480,8,104,3,3,4,0
1836,1996,Graduation,Single,34019.218757561095,1,0,3,68,24,9,3,3,9,0
1837,1972,PhD,Married,44836.431917245085,0,1,9,109,5,48,0,5,6,0
1838,1964,PhD,Together,54079.193579270875,1,0,50,204,29,1135,3,2,3,0
1839,1986,Basic,Together,93211.62305150917,0,0,17,61,3,15,2,7,9,0
1840,1970,Graduation,Together,34366.21048776265,0,0,46,792,20,105,5,6,3,0
1841,1963,Master,Married,78469.76979382656,0,1,31,268,31,283,4,7,5,0
1842,1951,Master,Single,45654.808966148616,0,2,29,38,25,53,2,2,3,0
1843,1960,Graduation,Married,15000.0,1,2,35,61,4,45,1,3,3,0
1844,1988,Graduation,Single,41885.47994139324,2,0,8,926,5,332,1,4,4,1
1845,1987,Graduation,Single,75533.93986335382,0,1,35,402,33,54,1,3,8,0
1846,1983,Graduation,Single,58893.39038658472,0,0,28,397,49,158,3,6,8,0
1847,1987,Graduation,Together,60089.02397327914,0,0,15,22,71,202,2,5,6,0
1848,1999,Graduation,Married,78570.0801768876,2,0,91,676,50,233,0,2,7,1
1849,1983,Graduation,Married,31273.274221285446,0,0,20,175,109,787,0,8,3,1
1850,1967,Master,Together,30964.991398154994,1,1,63,323,15,243,2,3,6,0
1851,1979,Graduation,Married,15000.0,2,0,65,963,12,160,1,4,8,1
1852,1964,Master,Divorced,69541.6414248557,0,0,58,31,0,338,3,2,7,0
1853,1976,PhD,Married,63249.68467259206,2,0,98,197,17,354,3,4,5,0
1854,1983,Basic,Married,66479.33039182228,2,0,27,15,31,542,0,4,3,0
1855,1987,PhD,Married,28339.77551886439,2,1,54,207,50,224,5,6,4,0
1856,1982,Graduation,Married,19915.020881602944,0,1,99,87,9,32,2,3,9,1
1857,1973,PhD,Together,25607.633831333347,0,1,30,725,21,185,1,4,5,0
1858,1964,Graduation,Single,33548.55455282591,1,0,32,152,32,11,2,4,7,1
1859,1979,Graduation,Single,83079.17817825709,0,0,86,301,24,57,1,6,6,0
1860,1991,2n Cycle,Single,72002.53447565003,1,0,59,590,9,18,3,7,5,0
1861,1966,Graduation,Divorced,42835.5871875936,0,2,40,1234,47,449,3,2,4,0
1862,1954,Graduation,Single,57985.039865199695,0,2,80,210,5,62,0,4,6,0
1863,1978,Master,Married,38432.75507704522,0,1,45,182,70,187,4,5,3,1
1864,1953,Basic,Single,59285.59521563314,0,0,48,23,91,127,1,3,5,0
1865,1959,PhD,Married,29238.085245160037,0,0,64,3,13,17,1,0,10,0
1866,1966,Graduation,Married,67005.02891947862,0,0,41,281,14,123,0,5,9,0
1867,1959,PhD,Together,35005.93404831214,0,1,22,20,40,162,5,5,6,0
1868,1966,Graduation,Married,68118.30057086314,1,1,26,143,18,319,2,4,7,1
1869,1969,Master,Married,43451.54183611316,1,1,88,1,0,10,0,2,5,0
1870,1973,2n Cycle,Married,36198.48092803452,0,1,31,286,75,52,3,5,4,0
1871,1954,Master,Married,84259.93434499312,0,0,82,166,16,176,3,7,2,0
1872,1983,Basic,Divorced,55538.92369787531,0,0,87,40,6,5,3,6,8,0
1873,1955,Graduation,Married,45556.37257902885,0,0,2,105,24,34,2,3,5,0
1874,1951,Master,Married,67163.56616702529,0,0,59,252,7,37,2,2,1,0
1875,1962,Master,Together,25200.178608502298,0,0,75,320,6,165,1,5,7,0
1876,1992,Graduation,Married,74137.27178520718,0,1,98,186,23,50,3,6,12,0
1877,1992,Basic,Divorced,49211.10587183101,1,1,78,488,14,137,1,1,8,0
1878,1997,Graduation,Married,64015.75431336875,0,0,16,35,25,504,3,2,8,0
1879,1960,PhD,Together,21042.530779538276,2,0,31,26,172,236,0,2,6,0
1880,1996,Master,Single,44351.48083734009,0,0,6,13,58,60,3,5,7,0
1881,1972,PhD,Divorced,52091.60278690968,2,1,82,230,0,95,0,2,8,0
1882,1965,Graduation,Together,72605.98427237057,0,0,70,367,1,33,2,3,6,1
1883,1980,PhD,Single,65608.22127874965,0,0,68,41,28,2,3,7,8,0
1884,1960,PhD,Married,44150.45924765166,0,1,57,305,29,51,1,1,7,0
1885,1965,2n Cycle,Married,58358.955146467626,0,0,39,194,63,69,0,4,6,0
1886,1957,Graduation,Married,77131.38203453964,0,0,84,1310,29,124,3,4,7,0
1887,1953,Graduation,Divorced,48000.230331548795,0,1,47,379,7,432,3,4,4,0
1888,1989,Master,Married,45822.70079129385,1,1,50,321,18,443,2,3,4,0
1889,1953,Graduation,Married,15000.0,0,1,56,253,49,10,3,4,8,0
1890,1974,PhD,Married,46418.5532931438,1,0,70,1781,76,143,2,1,5,0
1891,1952,PhD,Married,17207.45922630957,0,0,36,1180,8,6,1,3,5,0
1892,1981,Basic,Married,49713.30641933586,2,1,86,231,23,156,3,4,5,0
1893,1952,PhD,Widow,71762.70286485495,0,0,74,182,5,18,4,6,5,0
1894,1976,PhD,Together,15000.0,0,1,73,186,20,438,0,3,9,0
1895,1978,Graduation,Together,76684.1764924158,0,1,84,167,2,299,0,1,6,0
1896,1981,Graduation,Single,45395.53746687603,0,2,54,227,85,3,2,2,6,0
1897,1999,Graduation,Married,51456.70265746788,0,0,40,95,30,228,4,2,12,0
1898,1968,Graduation,Married,41951.604397229166,0,0,96,784,57,151,1,2,5,0
1899,1970,PhD,Married,17735.26234902681,1,0,19,202,191,102,4,1,7,0
1900,1954,Master,Married,36340.21651407519,2,1,32,553,6,138,2,6,3,0
1901,1967,PhD,Together,93948.20136898968,0,0,39,193,35,170,2,5,4,1
1902,1977,Master,Married,30079.09007493097,2,0,98,380,65,323,2,4,6,1
1903,1991,2n Cycle,Married,20229.152765488994,2,0,33,123,25,218,3,4,5,0
1904,1971,Master,Together,54825.82054814206,1,0,61,294,30,128,1,5,3,1
1905,1970,PhD,Divorced,50284.46969655367,0,0,99,206,15,261,2,3,4,0
1906,1955,PhD,Single,45533.40418408704,0,0,90,137,33,650,9,2,5,1
1907,1950,Graduation,Single,52288.95886704512,0,1,18,639,15,53,1,5,5,1
1908,1954,Graduation,Single,64884.05221392313,1,0,42,35,19,18,1,2,5,0
1909,1990,Graduation,Married,40256.72800429372,0,0,68,200,3,197,1,5,6,0
1910,1961,2n Cycle,Single,55888.204165652336,0,1,62,64,0,576,2,5,9,0
1911,1975,Master,Married,72477.49324260007,0,1,92,592,1,18,1,6,4,0
1912,1995,Graduation,Single,32094.2266649041,0,0,9,87,6,84,2,3,5,0
1913,1983,Graduation,Together,15000.0,1,0,12,301,18,9,4,3,6,1
1914,1998,Master,Married,65416.16984191832,0,1,92,54,0,224,1,1,6,1
1915,1963,Graduation,Single,102059.25151205946,1,0,4,155,5,445,1,4,4,1
1916,1975,Graduation,Divorced,51852.90692702369,1,0,57,688,45,103,2,1,6,0
1917,1994,Basic,Married,56038.64402131912,0,0,58,54,43,79,2,3,4,0
1918,1976,Graduation,Single,46083.83133812019,0,0,75,326,46,357,3,4,3,0
1919,1958,Graduation,Married,83761.21683020517,1,0,58,68,76,21,2,2,7,0
1920,1975,PhD,Together,50444.86134110267,0,1,76,161,3,333,1,3,8,0
1921,1996,Basic,Together,48268.716799701295,0,1,85,233,5,74,2,4,11,0
1922,1971,PhD,Together,70217.27628538405,0,0,14,258,12,122,2,5,6,0
1923,1996,Graduation,Divorced,42314.540756063565,0,0,76,276,74,112,1,7,6,0
1924,1979,Graduation,Divorced,26306.125978482913,0,1,0,306,44,143,4,11,7,0
1925,1992,Graduation,Single,69646.00759091388,0,0,37,95,11,427,3,8,4,0
1926,1997,PhD,Married,40169.05584655709,0,0,52,153,2,452,3,6,8,0
1927,1966,Master,Divorced,32490.79944647974,0,1,51,11,28,266,2,4,3,0
1928,1975,Graduation,Married,94000.96317146374,1,1,0,439,8,31,0,7,8,0
1929,1985,Basic,Divorced,48428.06393554576,0,0,10,544,22,60,2,3,7,0
1930,1950,Graduation,Married,61884.52164594666,1,1,57,66,85,100,4,2,5,1
1931,1957,Graduation,Married,52590.56482015553,0,0,39,67,25,353,1,4,4,0
1932,1998,Graduation,Single,34273.610192593434,1,0,85,12,77,110,2,4,6,0
1933,1984,Graduation,Married,65788.67240043845,0,0,98,1055,14,568,0,6,4,0
1934,1964,PhD,Married,58291.57967573449,1,1,59,493,30,618,2,6,4,0
1935,1996,PhD,Married,38812.403367201354,0,1,43,134,67,136,4,6,8,0
1936,1971,Graduation,Married,60663.806757126775,1,1,5,197,26,314,2,2,6,0
1937,1963,PhD,Married,41713.79811739996,0,0,27,103,28,1073,2,4,3,0
1938,1975,Graduation,Married,29910.0927978294,0,0,30,272,37,284,1,6,9,0
1939,1977,Master,Together,27886.654912957536,0,0,7,379,64,160,2,2,4,1
1940,1972,2n Cycle,Married,57401.17241925957,1,0,4,177,2,279,3,3,7,0
1941,1963,Graduation,Single,44345.381401431114,1,0,53,620,12,12,4,2,7,0
1942,1973,PhD,Married,82034.08038087923,0,2,16,218,15,151,6,1,5,0
1943,1951,Graduation,Divorced,51140.83773324086,1,1,37,46,72,36,1,1,5,0
1944,1994,Graduation,Divorced,36295.93413092836,1,0,8,292,93,18,0,3,3,0
1945,1975,Graduation,Married,55156.35277287824,2,0,73,186,3,335,0,3,4,0
1946,1963,Master,Single,26114.653568507874,1,0,83,823,3,153,1,9,9,1
1947,1956,PhD,Single,50317.37518950595,1,1,77,149,81,41,0,3,7,0
1948,1952,Graduation,Widow,58383.33552956551,0,1,13,154,10,73,3,8,7,0
1949,1996,Master,Together,55913.44615270611,1,1,25,315,8,543,2,6,4,0
1950,1972,PhD,Married,78055.99861039517,0,0,92,224,1,297,1,3,12,0
1951,1995,Master,Together,103950.34251688901,2,0,61,140,9,2,1,5,7,0
1952,1992,PhD,Together,65427.947426825696,0,2,90,1374,35,585,1,5,11,0
1953,1996,PhD,Together,75575.9265557104,0,2,24,107,16,68,0,2,4,0
1954,1994,Graduation,Married,102869.2531931448,0,0,79,97,21,178,1,5,10,0
1955,1967,Graduation,Divorced,31875.483043670483,1,0,35,599,74,187,3,3,8,1
1956,1987,2n Cycle,Widow,54612.54817550017,2,0,97,1,3,364,3,5,8,0
1957,1984,Graduation,Married,42440.06935826683,0,1,79,67,2,324,1,5,4,0
1958,1964,2n Cycle,Married,68853.15420522145,1,1,32,267,57,49,4,3,4,0
1959,1974,PhD,Married,57432.378389532416,1,1,2,53,44,154,3,4,4,0
1960,1986,Graduation,Single,35631.35360192132,1,0,86,1276,9,75,0,5,9,0
1961,1977,Graduation,Single,52218.95632694089,0,0,10,187,11,111,2,4,6,0
1962,1959,Graduation,Together,72938.45479311771,1,0,57,272,11,121,3,7,10,0
1963,1988,2n Cycle,Together,25925.507379498675,0,2,63,52,31,75,4,7,1,0
1964,1966,Graduation,Together,36053.10888722042,1,0,17,102,1,93,2,2,7,0
1965,1988,Graduation,Married,33054.498299163824,0,1,46,286,20,35,3,2,6,0
1966,1971,Graduation,Together,58527.9311097382,0,0,43,239,4,140,0,4,6,0
1967,1975,Graduation,Single,76810.32159229921,1,2,92,460,51,213,2,3,8,0
1968,1993,Graduation,Widow,15000.0,0,1,58,94,14,84,1,3,5,1
1969,1974,Graduation,Divorced,53887.971269571666,0,0,49,317,22,570,3,10,5,0
1970,1966,Master,Divorced,33515.58565449632,1,1,68,103,0,8,1,4,3,0
1971,1962,Graduation,Together,72108.05549659969,0,0,87,265,1,133,4,7,7,1
1972,1969,Graduation,Together,47260.63448857492,0,0,28,278,33,131,1,1,6,0
1973,1974,Graduation,Single,54613.47878154795,0,0,92,38,43,5,3,4,8,0
1974,1953,Graduation,Divorced,51973.2600959588,0,2,89,238,37,38,5,3,14,0
1975,1959,2n Cycle,Married,74484.3760637969,0,2,66,3,40,353,1,2,4,0
1976,1952,PhD,Married,92972.63061595566,0,0,1,208,3,117,1,4,5,0
1977,1990,Graduation,Married,29306.693402371176,2,1,24,358,35,86,0,7,2,0
1978,1994,PhD,Together,32948.87764010696,0,1,18,22,6,80,0,2,5,0
1979,1967,Graduation,Married,58429.95805109414,0,1,39,837,3,328,0,3,7,0
1980,1996,Graduation,Married,35671.953033961625,0,0,1,184,42,68,2,3,5,0
1981,1985,2n Cycle,Married,70671.67540800548,0,0,82,836,66,294,1,2,4,0
1982,1996,Master,Married,73882.34918168675,1,1,64,34,37,55,1,5,5,0
1983,1971,2n Cycle,Divorced,41068.47375507084,1,0,61,898,49,113,1,2,4,0
1984,1983,Graduation,Married,36729.2546671705,0,0,90,34,141,23,1,6,7,0
1985,1996,PhD,Single,46504.41956694562,0,1,53,185,4,261,6,6,6,0
1986,1957,Graduation,Together,54080.36427926037,0,0,44,834,100,199,2,2,2,0
1987,1989,Graduation,Divorced,58296.74379790384,1,2,48,79,27,113,3,2,5,0
1988,1998,Master,Married,15000.0,0,0,98,10,50,3,3,0,7,0
1989,1993,Graduation,Widow,32650.88962299763,0,2,68,472,31,98,3,5,10,0
1990,1968,Master,Together,43918.01302258832,0,0,37,271,25,38,4,4,4,1
1991,1991,Master,Widow,36060.213365062256,1,0,3,216,36,80,1,4,10,0
1992,1990,Graduation,Divorced,15000.0,1,0,16,10,11,291,4,8,7,1
1993,1986,PhD,Married,15000.0,2,1,52,317,77,220,2,4,9,0
1994,1955,PhD,Married,25892.829488312662,0,1,84,56,3,41,2,1,4,0
1995,1975,Graduation,Married,49694.31598293562,0,0,52,802,11,629,3,1,7,0
1996,1983,Master,Together,43275.95613037381,0,0,30,347,0,350,0,2,8,0
1997,1994,PhD,Married,39368.61834942851,1,1,21,368,9,112,0,4,6,0
1998,1955,Graduation,Married,67930.29921585681,2,0,10,79,7,113,4,1,7,0
1999,1986,PhD,Together,67922.67329847523,0,1,33,637,1,347,2,4,4,1
2000,1982,2n Cycle,Married,54998.37306963748,0,0,14,231,20,151,6,4,6,0
2001,1971,Graduation,Married,54402.40565437317,0,1,9,583,18,115,1,3,9,0
2002,1970,Master,Together,34866.788981331774,0,1,95,94,2,207,0,4,5,0
2003,1955,Graduation,Married,37260.15338686944,0,2,52,422,9,40,3,6,8,0
2004,1955,Master,Married,17847.01233749564,0,1,47,256,91,316,2,2,8,1
2005,1997,Master,Together,46984.97136443338,0,0,30,14,3,113,5,5,2,0
2006,1953,Graduation,Together,67714.82579422393,0,0,36,155,10,138,7,10,9,0
2007,1979,Graduation,Divorced,79086.5979354912,1,1,27,60,1,14,2,4,6,0
2008,1960,Master,Together,47104.40284189073,0,0,30,133,4,55,1,2,10,0
2009,1979,Graduation,Together,61833.37664019381,0,1,69,145,36,83,3,6,4,0
2010,1980,Master,Together,15000.0,0,1,13,193,13,80,3,3,9,0
2011,1973,Graduation,Single,43341.43359203152,1,0,86,275,18,225,4,4,4,0
2012,1958,Basic,Divorced,42872.75239733473,1,0,15,253,5,49,2,2,2,0
2013,1952,Master,Divorced,81823.36628450766,0,0,24,11,34,30,1,4,4,0
2014,1980,2n Cycle,Single,59858.66921842836,0,0,38,416,41,131,4,5,7,0
2015,1989,Graduation,Married,61885.10845761214,0,0,65,893,5,143,4,2,2,0
2016,1986,PhD,Married,60846.56621997985,1,0,37,128,1,19,2,6,5,0
2017,1985,PhD,Married,52908.854646644424,1,0,40,59,2,0,2,5,6,0
2018,1973,Graduation,Divorced,82647.30661698259,1,0,97,232,32,374,5,6,4,0
2019,1980,Graduation,Single,15000.0,0,0,39,366,4,12,4,1,7,0
2020,1955,Graduation,Single,54924.20817430836,2,0,63,340,20,342,3,6,7,0
2021,1951,Master,Married,74596.05703279127,2,0,88,284,4,76,1,2,4,0
2022,1969,PhD,Single,15000.0,1,1,99,47,5,158,5,4,9,0
2023,1977,Graduation,Married,68758.35707544605,0,0,15,543,0,30,2,2,6,0
2024,1960,PhD,Married,36776.73517469367,0,0,81,166,11,260,0,4,3,0
2025,1953,Graduation,Married,54196.31857684082,0,1,76,75,2,29,2,2,6,0
2026,1964,Graduation,Together,36392.81238109146,0,2,58,27,15,73,3,8,8,0
2027,1955,2n Cycle,Together,71183.03353098044,0,0,90,161,27,40,4,2,8,0
2028,1998,2n Cycle,Divorced,46232.76237552868,1,0,97,288,13,272,3,2,4,0
2029,1979,PhD,Married,68915.93712714424,1,0,10,328,36,293,1,1,5,0
2030,1987,Graduation,Together,60706.59672528682,2,0,0,986,40,69,0,4,2,0
2031,1951,Master,Together,36124.15031882323,0,2,12,49,35,55,1,2,3,0
2032,1964,Graduation,Married,62037.18380791051,0,1,29,1275,82,222,2,3,13,0
2033,1960,Graduation,Single,38728.61883974535,1,1,68,318,8,316,1,2,8,0
2034,1957,Graduation,Single,53282.561876799475,0,0,17,181,6,146,1,4,6,0
2035,1975,PhD,Single,45868.112770204,0,1,77,657,28,393,2,4,8,0
2036,1994,PhD,Divorced,69998.23732777547,2,0,12,355,27,72,2,2,5,0
2037,1993,Graduation,Single,62806.445414748356,1,0,31,128,21,24,3,8,4,1
2038,1954,PhD,Married,51385.569027905156,0,0,70,646,0,29,3,9,8,0
2039,1955,2n Cycle,Single,38285.76445688678,1,0,71,329,24,166,6,1,6,0
2040,1975,Graduation,Married,26620.170203385635,1,0,49,360,81,78,1,2,7,0
2041,1953,Master,Married,54713.12838581396,1,1,70,680,12,25,0,3,5,0
2042,1968,Basic,Married,39354.182136964824,1,0,79,178,102,51,0,3,10,0
2043,1969,Graduation,Single,15000.0,0,0,30,320,13,113,2,7,1,1
2044,1982,Graduation,Single,25399.429180074992,1,0,50,409,4,19,3,3,5,0
2045,1969,PhD,Married,84517.50611083434,0,0,26,181,15,0,4,2,13,0
2046,1998,PhD,Single,38800.47230021109,0,1,59,26,20,373,3,2,3,0
2047,1961,Master,Divorced,73643.25555020804,2,1,32,442,29,54,3,5,8,0
2048,1996,Graduation,Married,44867.005456034385,0,1,52,14,21,37,3,3,8,0
2049,1950,2n Cycle,Married,76791.55270321626,1,0,92,379,23,179,3,4,4,1
2050,1975,Graduation,Single,75343.28034948756,1,1,71,725,0,288,1,5,7,0
2051,1963,Graduation,Married,35486.091461986856,2,1,32,127,8,150,4,4,9,0
2052,1987,PhD,Together,15000.0,1,0,40,32,11,44,1,6,7,0
2053,1986,Graduation,Married,15000.0,0,0,18,79,130,296,0,1,7,0
2054,1960,Graduation,Together,35826.76992088586,0,1,84,247,10,107,6,4,9,1
2055,1985,Graduation,Single,89792.68851115083,0,0,40,857,68,71,1,5,6,0
2056,1962,Graduation,Single,43788.758501549215,0,0,84,215,10,139,4,4,4,1
2057,1992,Graduation,Single,54904.87900146909,0,0,88,35,3,180,3,4,4,0
2058,1952,2n Cycle,Divorced,78066.7373240678,0,0,41,296,8,135,5,7,2,0
2059,1982,Graduation,Single,54206.42726223376,1,0,22,395,9,379,3,6,4,0
2060,1955,Master,Single,53517.8207704155,2,0,74,149,114,148,6,3,6,0
2061,1999,Master,Married,64453.26387890293,1,1,32,383,33,316,4,3,5,0
2062,1959,2n Cycle,Together,57779.395110199745,1,0,19,117,80,132,3,5,4,0
2063,1954,Graduation,Married,50010.6578999303,0,1,24,466,54,59,1,5,11,0
2064,1972,Basic,Single,37571.01313605116,0,0,89,125,25,113,1,6,5,1
2065,1959,PhD,Married,53569.77781730912,0,2,51,88,33,13,4,3,11,0
2066,1993,PhD,Together,73887.99594166281,1,2,11,634,29,39,2,0,9,0
2067,1951,PhD,Married,87640.09173997442,0,1,31,238,32,218,2,5,4,1
2068,1962,Master,Single,57845.5328313782,1,2,32,100,9,162,3,4,7,1
2069,1989,Graduation,Divorced,67103.22270191945,0,1,73,820,15,27,2,2,7,0
2070,1951,Master,Married,57394.614143256236,0,1,67,352,26,86,1,4,7,0
2071,1969,PhD,Divorced,50253.412711927944,0,0,14,74,1,22,2,5,11,0
2072,1950,Master,Married,62285.14157225369,0,0,50,286,19,290,3,8,4,0
2073,1986,2n Cycle,Together,75786.65668624968,0,1,5,612,58,17,3,1,5,0
2074,1958,Graduation,Divorced,34272.763279617095,1,0,90,357,20,159,2,5,7,0
2075,1966,2n Cycle,Married,22972.06595374182,1,1,68,84,24,140,1,4,3,0
2076,1958,Graduation,Widow,41339.83500727068,0,1,68,313,6,96,2,10,8,0
2077,1960,Graduation,Married,56233.23886599408,1,0,81,289,47,48,3,4,10,1
2078,1964,Graduation,Married,69397.43235242463,0,1,91,515,13,77,3,5,4,0
2079,1973,Graduation,Divorced,32209.84350289024,2,0,34,58,94,246,3,5,3,0
2080,1987,PhD,Married,15000.0,0,0,85,360,152,215,4,3,9,0
2081,1984,Graduation,Widow,41811.026866579676,1,0,33,8,74,201,2,6,6,0
2082,1979,Graduation,Widow,48121.71548683528,0,0,62,357,2,207,3,6,2,0
2083,1980,2n Cycle,Married,28754.53033177124,0,0,67,968,12,23,0,4,8,0
2084,1998,Master,Together,36878.18142365376,0,0,17,57,87,15,2,3,6,0
2085,1954,Master,Married,69345.66820173996,0,0,25,111,48,296,2,6,4,0
2086,1993,Basic,Together,53562.40139192198,0,1,85,262,72,272,3,4,8,0
2087,1999,Master,Married,58912.44237218636,0,1,96,395,25,171,1,0,7,0
2088,1963,Graduation,Married,44886.35536778905,2,0,60,126,19,139,1,8,9,0
2089,1960,Graduation,Married,36917.79178083348,1,0,77,327,3,68,1,6,3,1
2090,1958,Master,Together,44742.03541151712,1,1,94,688,54,38,4,2,6,0
2091,1983,Graduation,Widow,61977.60388359384,1,1,73,389,41,165,2,3,5,0
2092,1961,PhD,Single,22173.595773175664,2,0,87,372,1,366,2,4,4,1
2093,1984,Graduation,Single,85003.40519664023,0,0,84,144,7,86,3,5,8,0
2094,1984,Graduation,Together,63497.16991364806,0,1,47,727,24,54,0,3,10,0
2095,1950,PhD,Single,41282.3979141857,1,1,71,97,34,47,3,3,4,0
2096,1989,PhD,Married,68268.14235773002,1,0,95,68,4,3,2,4,3,0
2097,1971,PhD,Single,76446.98134146216,0,0,30,135,8,110,1,5,7,0
2098,1978,PhD,Widow,45393.23900795123,0,0,33,315,6,666,3,2,9,0
2099,1957,Graduation,Married,47668.304204698776,0,1,86,593,7,253,2,1,10,0
2100,1960,Graduation,Single,81869.4842694601,2,0,88,42,76,341,2,7,6,0
2101,1990,Basic,Single,94379.50293836197,0,0,6,504,37,145,1,5,5,1
2102,1986,PhD,Divorced,52588.71315136215,2,0,82,502,40,98,1,3,5,0
2103,1963,Graduation,Single,28835.713058220514,2,2,6,265,47,697,1,3,2,0
2104,1979,Master,Married,42587.956901508835,1,1,46,428,13,88,2,2,7,0
2105,1984,Graduation,Married,72660.31488938403,0,1,7,60,43,373,1,2,7,0
2106,1970,Graduation,Married,31395.69407972411,0,1,77,55,115,215,4,1,4,0
2107,1986,Graduation,Single,47834.33600481962,0,0,0,595,35,60,3,1,5,0
2108,1954,Master,Married,57851.697628632595,0,2,76,206,16,104,0,6,8,0
2109,1968,PhD,Divorced,33545.70627184665,1,0,2,84,37,72,3,3,5,0
2110,1963,Graduation,Married,73928.69123752153,0,1,52,350,69,21,1,8,5,0
2111,1975,Basic,Married,65879.3503040875,0,0,91,667,4,66,2,5,6,0
2112,1953,Graduation,Together,92190.91819050585,0,0,37,300,9,329,1,1,9,0
2113,1974,Graduation,Single,67629.21791715545,2,0,50,128,75,209,4,5,5,0
2114,1994,Graduation,Married,32782.20728867923,0,1,14,198,87,48,0,7,3,0
2115,1991,Graduation,Together,62607.38121818383,2,1,99,418,19,68,2,4,10,0
2116,1974,Graduation,Together,71760.43347031713,0,0,66,20,14,143,1,3,6,1
2117,1967,PhD,Married,72789.57628250693,0,0,63,73,9,80,1,1,8,0
2118,1989,Master,Married,36463.157042185274,0,2,67,186,20,104,1,8,2,0
2119,1957,PhD,Single,34073.2459528905,0,0,4,278,81,179,0,8,6,0
2120,1988,Graduation,Together,29207.25761781977,1,1,89,124,4,94,3,3,8,0
2121,1989,Graduation,Married,84094.63988277732,0,1,88,106,16,31,1,3,7,0
2122,1963,Graduation,Single,64457.57647684077,0,0,9,12,72,110,2,3,8,0
2123,1981,Graduation,Widow,35575.627515825785,1,0,7,9,12,66,2,4,2,0
2124,1987,Master,Together,54543.77877514241,1,0,11,98,43,51,2,3,8,0
2125,1982,Graduation,Together,49526.25373197952,1,0,63,226,14,59,1,3,8,0
2126,1972,Master,Divorced,32548.370620686343,0,0,58,243,49,86,1,3,6,0
2127,1964,Basic,Widow,52723.678879132065,0,0,66,204,118,326,3,2,5,0
2128,1982,Graduation,Single,55813.905754408785,2,0,90,158,14,198,2,4,7,1
2129,1974,Master,Together,90625.06189303799,1,1,49,87,55,165,4,3,5,1
2130,1966,PhD,Together,38886.24948467454,2,1,22,153,133,95,3,3,9,0
2131,1982,PhD,Single,17812.013516093233,0,0,39,44,123,0,0,2,4,0
2132,1996,PhD,Married,31020.925292880456,1,0,96,36,17,62,1,2,1,0
2133,1951,Graduation,Together,34147.05153135555,1,0,77,106,19,251,3,0,3,0
2134,1963,Graduation,Single,43461.456479342094,0,0,86,1611,10,73,2,2,6,0
2135,1989,Graduation,Single,31069.92541745715,1,1,94,118,11,124,1,4,3,0
2136,1989,Graduation,Together,68442.4401163788,1,0,76,826,20,34,5,3,6,1
2137,1988,PhD,Single,29679.344739810404,0,1,75,149,6,371,1,1,6,0
2138,1955,Graduation,Married,52400.35936598461,0,0,98,173,37,384,4,2,3,1
2139,1955,2n Cycle,Together,92003.84367044349,1,1,17,478,23,23,3,1,7,0
2140,1952,Master,Single,63071.36543527248,0,0,20,29,68,193,3,4,7,0
2141,1956,Graduation,Married,61015.140234247185,0,1,0,60,49,11,2,6,4,0
2142,1957,Graduation,Married,89146.3240149032,0,2,37,1093,11,136,4,4,10,0
2143,1991,Basic,Widow,76912.99128473946,0,1,40,211,21,29,5,3,3,0
2144,1964,Master,Married,63302.48734705207,2,1,41,13,41,23,0,0,3,0
2145,1996,Master,Married,45785.46300111062,0,0,8,14,6,0,1,3,3,0
2146,1978,Graduation,Widow,51546.22250420413,0,2,22,713,0,424,1,4,6,0
2147,1982,Graduation,Single,50573.92264667587,2,0,77,619,57,265,3,5,6,0
2148,1979,Graduation,Single,43971.48904855783,0,0,10,183,4,12,1,4,8,1
2149,1988,Graduation,Divorced,56240.730237658485,0,0,70,53,66,137,3,1,8,0
2150,1976,Master,Married,59014.95394095312,1,2,30,532,73,39,1,4,9,0
2151,1985,Master,Single,27107.430656835484,0,1,87,117,18,45,3,9,8,0
2152,1978,PhD,Together,84640.84999924597,0,2,25,162,49,310,3,3,5,1
2153,1987,Basic,Single,60195.95026146563,1,1,29,344,13,18,2,2,7,0
2154,1982,PhD,Together,46744.340760987645,1,0,33,130,58,138,1,5,4,0
2155,1986,Graduation,Together,56423.51957458915,1,2,45,297,52,76,0,9,8,0
2156,1976,Graduation,Together,70607.377823172,2,2,68,649,2,31,1,4,4,0
2157,1982,2n Cycle,Together,22666.27174828215,1,0,4,478,26,90,1,3,8,0
2158,1953,Graduation,Single,49898.78547039508,1,0,60,144,30,423,5,3,8,1
2159,1971,2n Cycle,Together,28282.884502753343,1,1,82,101,0,228,2,4,7,1
2160,1951,Master,Together,105140.0764195124,0,2,37,100,117,21,1,3,7,0
2161,1959,Graduation,Together,54763.72095537229,0,1,27,128,15,283,2,3,5,0
2162,1954,PhD,Together,28445.08704800987,1,1,25,204,21,415,4,4,4,1
2163,1959,Basic,Single,120000.0,0,2,60,161,6,48,4,5,4,0
2164,1982,PhD,Single,41279.62842439222,0,1,22,42,28,60,0,4,5,1
2165,1987,2n Cycle,Single,47818.40163847585,0,1,45,53,49,20,0,5,9,0
2166,1962,2n Cycle,Divorced,49264.03520029275,0,1,29,125,26,63,2,3,10,0
2167,1980,Graduation,Single,35040.93886861929,0,0,66,247,46,167,2,6,8,0
2168,1996,Graduation,Together,56947.040349922856,1,1,91,269,39,47,2,3,5,0
2169,1985,2n Cycle,Single,15000.0,2,0,32,199,8,1,0,3,3,0
2170,1994,PhD,Divorced,73717.96765754583,1,1,2,402,17,61,2,3,5,0
2171,1973,Graduation,Together,29443.90258525559,1,0,68,400,4,90,2,4,11,0
2172,1964,Graduation,Single,43693.569553793764,0,0,82,167,1,125,2,3,6,0
2173,1978,PhD,Single,67030.39347372325,0,0,41,39,1,172,1,4,3,0
2174,1957,2n Cycle,Together,47910.77963387769,0,1,61,226,85,9,1,6,4,0
2175,1954,Master,Married,48729.04505804747,1,0,57,144,125,95,3,5,9,0
2176,1978,PhD,Together,31758.451145404582,0,0,56,44,2,46,1,7,11,0
2177,1996,Graduation,Widow,93912.96434940901,0,0,0,1202,12,443,3,2,10,0
2178,1953,Graduation,Single,62629.6476441318,1,0,72,138,3,66,2,4,3,1
2179,1961,Basic,Together,30344.301034616667,0,0,59,294,53,15,3,2,6,0
2180,1994,Graduation,Divorced,55563.64892115702,2,0,68,202,20,6,1,3,8,0
2181,1951,Graduation,Together,28930.6401069738,1,0,58,46,29,46,1,4,1,0
2182,1976,Graduation,Together,86448.28587978898,0,0,45,17,23,29,2,2,9,0
2183,1980,PhD,Single,55992.75921417092,0,0,33,294,37,157,1,4,6,1
2184,1985,2n Cycle,Single,32489.069441858668,1,0,96,85,11,281,1,5,5,0
2185,1985,Graduation,Married,65951.81471247833,0,1,24,83,4,56,3,1,9,0
2186,1975,Graduation,Together,46438.48655903373,0,0,41,943,0,129,2,8,4,0
2187,1992,PhD,Together,26235.42688955038,0,0,28,185,17,196,2,1,4,0
2188,1976,2n Cycle,Married,59620.926678004194,2,0,24,8,71,76,1,1,6,0
2189,1954,Graduation,Together,59056.83668275787,0,0,53,124,10,10,5,4,2,0
2190,1969,Graduation,Together,74754.67265134797,2,0,72,263,6,39,1,2,7,0
2191,1960,Graduation,Married,53290.071138355954,1,0,66,119,78,321,1,8,2,0
2192,1959,Basic,Together,54141.20573917102,0,1,14,8,3,261,7,3,7,0
2193,1989,Graduation,Married,55202.66073090368,1,1,3,176,1,13,0,2,8,1
2194,1987,Graduation,Together,83905.65989014058,0,0,37,33,63,38,5,5,4,0
2195,1955,PhD,Divorced,45798.52953451859,0,1,19,289,36,219,0,3,6,0
2196,1957,Master,Single,61389.099376114624,1,0,22,289,16,99,1,5,5,0
2197,1972,Graduation,Married,64334.90904031224,1,2,36,11,41,214,3,4,6,0
2198,1996,Basic,Married,58995.530384615195,0,0,61,103,40,35,1,3,6,1
2199,1975,Graduation,Married,45041.90787880859,2,1,7,160,1,457,2,5,8,0
2200,1995,PhD,Together,54412.08014615007,1,0,36,239,33,229,3,4,10,0
2201,1992,Graduation,Married,50126.84477134298,2,1,44,105,30,32,1,0,7,0
2202,1961,Master,Together,91184.20720223607,0,0,96,101,99,122,2,3,3,0
2203,1975,Graduation,Married,42844.72429137388,2,0,32,1222,101,18,1,5,6,0
2204,1962,Basic,Single,33748.42947495544,0,1,6,12,14,67,4,3,9,0
2205,1989,Master,Married,51875.966171338485,0,0,21,1354,26,161,4,1,6,0
2206,1967,PhD,Married,50466.03605142655,1,1,4,14,4,60,2,4,9,1
2207,1974,Master,Single,55936.870403372595,1,1,14,102,2,160,1,7,2,0
2208,1982,Master,Married,42851.06795597337,0,0,20,204,17,42,2,3,5,0
2209,1996,Graduation,Married,54207.46959865753,0,0,88,46,35,191,1,4,4,0
2210,1989,Graduation,Together,54592.140779424226,0,0,16,43,25,66,2,2,11,0
2211,1992,2n Cycle,Together,70119.79378720009,1,1,55,88,16,234,0,3,10,0
2212,1961,Graduation,Single,53860.12767418304,0,0,49,1089,51,22,5,4,8,0
2213,1993,Master,Married,54049.500612631775,0,0,6,143,47,67,0,5,8,0
2214,1985,2n Cycle,Together,62326.92759417034,0,2,49,250,39,93,5,3,7,1
2215,1997,Graduation,Married,69353.10126363035,2,0,59,365,2,82,1,6,4,0
2216,1953,PhD,Married,32326.484247468423,1,2,82,406,47,85,1,1,5,0
2217,1954,Graduation,Divorced,26953.58880266357,1,1,6,349,75,88,2,4,4,0
2218,1986,PhD,Single,85909.59258767622,2,0,39,123,1,673,4,1,2,1
2219,1957,Graduation,Married,66081.50875856316,0,0,44,35,15,32,0,0,6,0
2220,1991,Graduation,Together,47612.26727341194,0,1,58,99,133,219,1,4,6,0
2221,1998,PhD,Married,52394.03873266262,0,0,87,70,27,120,1,8,8,0
2222,1977,Master,Divorced,44148.766133403464,1,0,74,43,21,80,2,6,6,0
2223,1980,Master,Married,56225.614488831045,0,0,54,7,5,150,2,2,3,0
2224,1958,PhD,Married,32563.25621190624,0,1,63,823,25,288,4,4,5,0
2225,1978,Graduation,Together,68803.33970179853,0,1,64,761,17,94,0,4,1,0
2226,1963,PhD,Together,55509.06797257003,0,0,53,15,4,300,1,10,13,0
2227,1989,Graduation,Together,56232.54192066703,0,0,95,57,18,14,3,6,6,0
2228,1990,2n Cycle,Married,34121.15234642956,2,1,39,45,5,158,1,1,5,0
2229,1971,Master,Married,62485.341935452714,1,2,52,99,39,60,2,4,11,0
2230,1960,Master,Together,34580.56713707918,2,0,43,68,109,73,2,4,12,0
2231,1972,2n Cycle,Married,38156.982801824284,2,0,62,874,19,126,1,2,4,0
2232,1950,Graduation,Divorced,53752.438468835026,0,1,1,26,30,98,3,3,8,1
2233,1995,Master,Married,102146.63799231304,0,1,78,71,16,72,1,2,7,0
2234,1986,Graduation,Together,55429.32266709619,1,1,20,25,4,55,1,3,5,0
2235,1970,2n Cycle,Single,15000.0,1,2,87,1179,105,144,1,5,8,0
2236,1975,Graduation,Married,39149.97233278499,0,1,49,751,4,105,1,7,7,1
2237,1995,Master,Together,65674.58224441147,2,0,80,378,3,58,4,3,4,0
2238,1985,Basic,Single,29430.781100317523,0,1,51,166,18,34,1,4,7,0
2239,1972,Graduation,Married,68622.0488229132,0,1,8,63,32,223,3,1,6,0
2240,1950,Graduation,Divorced,55176.41149530059,1,2,98,75,13,241,3,10,4,0
2241,1989,Master,Together,71826.54385181551,0,0,19,175,6,36,1,2,6,0
2242,1964,Graduation,Married,40822.91781498006,0,0,82,438,51,45,3,3,10,1
2243,1970,Graduation,Together,39264.32170134568,0,1,17,92,13,40,1,2,8,0
2244,1996,Graduation,Married,63299.703165690225,0,0,83,111,6,323,4,4,5,1
2245,1958,Graduation,Single,51849.43250055681,1,0,29,274,13,223,1,2,10,0
2246,1958,Basic,Single,50639.54376427452,1,1,64,81,7,11,1,5,7,0
2247,1959,PhD,Single,83379.39737898126,1,0,23,263,21,268,1,5,7,0
2248,1975,Graduation,Widow,64082.8185412357,1,1,87,146,33,5,1,9,2,1
2249,1990,Graduation,Single,15000.0,0,1,46,10,48,43,4,6,5,0
2250,1984,Graduation,Together,67981.36245032775,0,0,82,154,7,376,4,1,4,0
2251,1974,Graduation,Married,65979.37600830244,0,2,93,755,5,299,2,6,3,0
2252,1975,Graduation,Together,75698.22574446864,0,1,89,104,0,228,3,3,3,0
2253,1960,Graduation,Married,33206.031608529825,0,0,43,116,7,91,0,2,2,1
2254,1987,Graduation,Single,58496.11650420246,1,0,28,20,0,58,2,4,7,0
2255,1951,Master,Together,54232.60042486363,2,2,76,286,12,319,1,4,9,0
2256,1956,Graduation,Married,32847.363050404936,0,0,67,567,4,160,6,1,2,0
2257,1967,PhD,Married,70935.33135813162,1,0,16,130,26,52,1,4,11,1
2258,1976,PhD,Married,47169.08001381235,0,0,96,82,14,93,2,3,6,0
2259,1983,PhD,Together,75054.64782504669,1,0,4,941,2,319,0,5,5,0
2260,1976,PhD,Together,37142.82429865048,1,0,91,410,15,350,1,8,5,1
2261,1966,PhD,Together,22788.290584012095,0,2,87,251,7,161,1,4,8,0
2262,1992,Basic,Together,47148.67635937711,0,1,80,109,34,197,1,7,8,0
2263,1993,PhD,Single,56638.26365124895,1,0,49,74,13,6,3,6,13,0
2264,1973,PhD,Married,41316.08145562177,1,0,39,377,4,139,2,6,3,0
2265,1974,Master,Married,15000.0,1,1,45,221,12,175,3,3,8,0
2266,1956,PhD,Together,59672.9828983754,1,0,50,220,7,3,1,6,5,0
2267,1955,Graduation,Together,59579.61381044052,2,1,10,22,47,278,0,6,7,0
2268,1973,Graduation,Married,65743.34557081932,0,1,11,215,122,395,0,1,5,0
2269,1982,Graduation,Married,44390.15128898445,0,1,12,519,0,40,1,6,5,0
2270,1998,Basic,Married,43298.965352361854,0,0,63,880,35,280,0,4,0,0
2271,1978,Master,Together,80806.43545602982,0,0,7,33,9,164,0,6,5,0
2272,1992,2n Cycle,Married,20491.906283565677,0,0,64,299,2,130,1,3,7,0
2273,1971,PhD,Together,47057.644126647196,1,0,8,252,0,277,4,7,8,0
2274,1975,Graduation,Single,54846.036922636114,0,0,91,663,63,50,3,2,7,0
2275,1977,Graduation,Married,64120.43660028482,0,2,1,417,13,234,4,9,4,0
2276,1999,PhD,Widow,55395.343648086375,2,1,77,1007,156,56,2,8,5,0
2277,1970,PhD,Together,33560.14723076882,0,2,12,965,17,232,3,2,6,0
2278,1998,2n Cycle,Together,75352.27896041708,0,1,1,76,6,89,1,8,1,0
2279,1956,Graduation,Single,52038.14824553815,1,0,67,387,45,18,1,3,4,0
2280,1966,PhD,Single,18639.945870172713,1,1,75,226,78,72,2,4,3,0
2281,1969,PhD,Together,56183.53301546788,0,0,47,72,50,39,2,4,4,0
2282,1990,PhD,Together,61505.537424429276,0,0,73,65,41,15,2,3,8,0
2283,1998,PhD,Married,91214.87906796229,1,0,2,25,12,17,4,6,3,0
2284,1969,Master,Married,60175.02697740584,0,1,67,476,1,227,4,3,3,0
2285,1971,Graduation,Married,22359.48855969756,0,1,5,117,6,319,4,3,3,0
2286,1977,Master,Married,23061.97418383287,1,0,86,583,17,392,0,5,5,1
2287,1989,PhD,Married,77174.18916396535,0,0,4,281,93,288,2,4,7,1
2288,1998,Basic,Married,35943.939733017214,0,0,2,335,38,265,2,4,8,0
2289,1956,Master,Single,21008.378717096806,0,0,9,103,52,10,3,4,3,0
2290,1950,Graduation,Divorced,72010.21735516866,2,0,42,183,9,234,2,3,5,0
2291,1981,Graduation,Divorced,42485.28375570659,2,1,18,159,34,229,3,4,4,0
2292,1962,2n Cycle,Together,70940.27928319215,0,1,13,80,59,21,4,6,5,0
2293,1979,PhD,Single,33705.60989341177,0,0,20,536,19,162,2,3,2,0
2294,1972,2n Cycle,Divorced,81476.2466733176,0,1,42,291,16,90,1,1,8,0
2295,1968,Graduation,Together,69441.27413866553,0,0,27,11,38,345,1,2,9,0
2296,1981,PhD,Married,37546.29266797306,0,2,20,514,24,178,1,5,5,0
2297,1979,Master,Divorced,18792.190662107183,1,0,35,33,149,452,2,2,10,1
2298,1978,2n Cycle,Together,98103.27717508283,0,1,23,155,16,16,4,4,9,0
2299,1998,Graduation,Together,47795.84596013707,0,2,53,254,5,6,3,3,5,0
2300,1994,Master,Married,36745.36705848566,0,1,37,2,19,545,3,2,6,0
2301,1978,PhD,Married,79726.16537658998,0,0,16,317,8,12,3,1,7,0
2302,1979,Graduation,Single,70915.1970682488,0,1,21,323,24,73,5,2,10,1
2303,1965,PhD,Together,75655.9308662516,0,0,82,317,4,157,1,5,8,0
2304,1989,PhD,Married,50029.83444964538,1,0,44,53,89,318,1,7,5,0
2305,1968,2n Cycle,Married,89621.09380647249,1,0,73,88,58,44,3,2,7,0
2306,1967,Graduation,Together,25787.636388972765,0,2,60,85,5,4,4,9,2,0
2307,1950,Graduation,Together,40959.00956884958,0,2,10,966,5,110,2,4,7,1
2308,1963,Graduation,Married,59797.57511429767,0,0,60,20,21,95,1,5,7,0
2309,1996,Graduation,Divorced,75362.22688474227,0,0,37,167,44,54,6,2,4,0
2310,1999,Graduation,Married,65223.18041049659,1,2,65,614,7,310,1,2,5,0
2311,1951,Master,Married,50342.68528306418,0,0,32,440,1,207,3,5,9,0
2312,1977,Graduation,Single,42497.04265521041,1,0,42,518,23,292,2,4,5,0
2313,1998,2n Cycle,Married,75470.2171671871,1,0,30,1075,35,26,1,4,5,0
2314,1999,2n Cycle,Single,67287.92026554061,2,1,34,146,8,176,2,4,8,0
2315,1979,PhD,Single,34509.524146178715,2,0,36,111,40,553,2,3,5,0
2316,1987,2n Cycle,Single,33914.61203873946,0,1,46,9,90,141,2,4,6,1
2317,1953,Master,Married,41090.23691120969,2,0,99,48,4,28,0,5,8,0
2318,1950,PhD,Married,38524.76268761251,1,0,22,247,21,820,2,6,6,0
2319,1957,Graduation,Married,72596.81825092935,1,0,35,51,1,112,1,3,7,0
2320,1978,Graduation,Together,60714.646444360355,0,0,39,399,6,274,2,8,9,0
2321,1988,PhD,Single,63155.74480806196,1,0,89,11,2,24,2,4,7,0
2322,1952,Basic,Single,55833.39273593552,0,0,88,90,15,164,0,4,4,0
2323,1981,Graduation,Single,56775.41430674709,1,1,80,356,51,365,1,3,4,0
2324,1959,Basic,Divorced,20363.651693193773,0,0,14,88,25,113,1,2,4,0
2325,1959,PhD,Single,67883.67315369537,1,1,36,391,7,51,1,1,5,0
2326,1968,Graduation,Married,40730.37038817114,0,2,3,1646,1,20,1,7,4,0
2327,1995,2n Cycle,Married,51336.89333900014,0,1,21,478,24,52,1,3,3,0
2328,1983,PhD,Single,42536.54155729332,0,2,80,125,4,65,3,4,2,0
2329,1982,Graduation,Married,54917.43130303351,0,0,21,692,12,185,2,5,7,0
2330,1972,PhD,Married,63461.87854487992,0,0,80,15,21,29,2,2,7,0
2331,1977,Graduation,Together,31822.89934953342,0,2,77,387,70,16,2,5,12,0
2332,1981,PhD,Single,57054.98448488005,1,1,77,7,2,73,1,4,7,1
2333,1999,Graduation,Married,43019.94842492287,1,1,16,57,33,92,1,5,4,0
2334,1956,Graduation,Single,78429.17551752007,1,1,71,1316,0,148,0,6,6,1
2335,1978,2n Cycle,Single,29707.491940407443,0,1,97,134,29,184,4,4,7,0
2336,1957,PhD,Together,31949.67460871892,0,0,89,515,24,330,4,5,6,0
2337,1950,Graduation,Married,44808.595639263796,0,1,93,141,50,51,1,7,11,0
2338,1952,Graduation,Married,33487.12569972323,2,0,85,549,22,112,1,1,7,1
2339,1973,2n Cycle,Single,47512.37974026176,1,0,79,1009,13,68,2,3,5,0
2340,1972,Graduation,Single,41442.28987768573,0,0,93,171,8,0,1,7,2,0
2341,1957,Graduation,Divorced,53768.24755403625,0,0,79,245,2,129,1,5,0,0
2342,1996,Graduation,Together,72161.44055648308,1,0,37,297,22,253,2,2,8,1
2343,1986,Graduation,Married,53425.59211368549,1,1,23,819,65,5,2,4,4,1
2344,1952,Master,Married,55247.09121632955,1,1,99,89,21,0,1,4,8,0
2345,1982,Master,Single,30853.547943758003,1,1,98,283,40,195,2,5,9,0
2346,1977,Graduation,Married,49318.808923697405,0,0,5,117,10,172,3,4,5,0
2347,1996,PhD,Married,43564.910567812054,0,2,67,73,17,78,3,5,8,1
2348,1957,Graduation,Together,65632.8192728097,0,0,81,26,11,162,7,2,2,0
2349,1983,2n Cycle,Married,36708.66033594605,0,1,5,290,3,459,1,7,10,1
2350,1984,2n Cycle,Married,34786.88814977533,0,0,25,641,16,42,4,1,5,0
2351,1981,Graduation,Together,58348.58394294697,0,0,90,129,43,42,2,4,9,0
2352,1973,Basic,Married,91602.06108745877,0,0,40,241,15,30,2,4,4,1
2353,1963,Master,Married,48481.02752050674,0,1,74,308,31,193,0,1,7,1
2354,1981,Graduation,Single,55364.168124609976,0,0,37,160,42,65,2,3,2,0
2355,1995,Graduation,Single,70960.43696709571,0,0,79,700,11,672,3,3,7,0
2356,1992,Graduation,Married,62198.077972305444,0,0,82,135,47,188,1,3,9,0
2357,1965,Master,Single,62329.589607643946,1,0,42,40,12,68,0,3,3,0
2358,1953,2n Cycle,Married,50096.1509616399,1,1,52,46,8,24,1,5,10,0
2359,1986,Master,Together,50485.296344434784,0,0,14,664,7,134,0,3,7,0
2360,1970,Basic,Divorced,36897.02924546943,0,0,89,1327,6,52,0,3,11,0
2361,1963,PhD,Single,61727.46508602765,0,0,55,102,40,353,0,3,4,0
2362,1980,Master,Single,61271.088599972856,1,0,55,46,65,87,2,7,9,0
2363,1997,Master,Married,66343.29055387605,0,0,30,197,7,51,2,3,9,0
2364,1967,Graduation,Married,42237.91058893309,0,1,82,370,2,133,0,5,6,0
2365,1956,PhD,Divorced,68602.6879875721,1,0,56,284,11,22,0,1,7,0
2366,1959,Master,Married,74666.69576295873,0,0,50,905,32,123,3,2,7,0
2367,1956,Graduation,Married,27720.837634474792,0,0,23,510,13,8,3,2,4,0
2368,1982,Master,Single,46062.54841285187,0,0,57,609,23,140,2,5,4,0
2369,1972,Graduation,Single,75500.47163921676,0,0,72,234,40,113,1,6,4,1
2370,1970,PhD,Divorced,39008.886002942294,0,0,86,118,15,110,3,5,8,1
2371,1968,Master,Married,62575.2505436668,1,0,3,362,242,172,3,4,6,0
2372,1997,Graduation,Divorced,52171.52004004863,0,0,9,173,10,6,0,4,4,0
2373,1968,Graduation,Married,58617.58642847017,1,1,62,101,114,92,3,3,0,0
2374,1985,Graduation,Married,52781.12605384423,0,1,72,49,6,88,2,4,4,0
2375,1978,Basic,Together,66923.41969128544,0,1,82,225,3,92,3,4,5,0
2376,1967,Graduation,Married,31569.657282722437,0,0,14,270,41,585,1,7,7,0
2377,1951,2n Cycle,Married,33733.53511755427,0,1,97,252,36,22,1,4,6,0
2378,1950,Graduation,Single,81290.27100533713,0,2,62,37,50,175,2,2,6,0
2379,1996,2n Cycle,Married,94007.26559970636,0,1,18,253,12,77,4,4,5,0
2380,1954,2n Cycle,Married,51891.61122747275,1,0,62,55,80,107,1,5,7,0
2381,1969,Graduation,Married,86305.32084303419,0,0,55,326,3,215,0,5,5,0
2382,1960,PhD,Together,36564.50705972954,0,0,20,168,0,25,2,2,4,0
2383,1991,Graduation,Together,41368.282330280854,0,0,33,566,10,216,2,5,7,0
2384,1951,PhD,Single,81149.75023490743,0,0,16,451,47,10,3,6,6,0
2385,1952,Graduation,Single,68082.13057246717,0,1,17,386,33,99,4,6,3,0
2386,1972,Graduation,Together,84128.54195864516,0,1,80,361,17,203,2,4,7,0
2387,1961,Graduation,Single,61371.1153811801,0,0,65,246,8,32,1,6,7,0
2388,1969,Graduation,Married,31749.0784697145,0,0,50,18,1,221,3,3,9,0
2389,1954,Graduation,Married,56471.547150053535,1,0,64,319,12,27,2,6,8,1
2390,1986,PhD,Single,76040.05076936021,0,0,42,188,18,240,1,0,8,0
2391,1987,2n Cycle,Married,49345.295947076556,0,0,56,190,34,94,3,2,5,0
2392,1979,Graduation,Widow,46271.32962988562,1,0,9,142,31,173,0,4,6,0
2393,1958,PhD,Together,61677.06805928245,2,0,36,793,88,374,3,3,6,0
2394,1983,Graduation,Single,40809.874689096105,1,2,47,86,3,78,4,6,6,0
2395,1993,Master,Together,57910.00966227001,0,0,68,114,12,39,4,6,7,0
2396,1984,2n Cycle,Together,53270.029293429136,1,0,55,989,19,302,2,4,7,0
2397,1971,Basic,Married,42191.71078503159,0,0,75,498,33,26,5,3,3,0
2398,1993,2n Cycle,Single,71614.74463734828,0,0,35,4,20,149,0,2,6,0
2399,1973,Graduation,Together,64919.75877901548,1,0,30,709,73,385,4,5,2,0
2400,1966,Master,Divorced,44926.58831426748,0,1,54,77,28,168,1,4,3,0
2401,1959,Master,Married,51700.77470119853,2,0,37,367,1,32,1,3,7,0
2402,1979,Graduation,Married,46574.48800304326,1,0,72,241,3,24,0,4,4,1
2403,1995,2n Cycle,Married,39227.04721514095,1,1,89,230,42,43,1,5,2,0
2404,1972,Graduation,Together,18034.60655185928,1,0,14,379,37,74,1,5,8,0
2405,1981,PhD,Divorced,42323.44511287856,0,0,15,69,4,26,3,6,4,0
2406,1966,Graduation,Married,39519.45003368754,0,0,76,51,1,239,3,2,9,0
2407,1999,Graduation,Single,54297.81415670718,1,1,88,316,25,66,3,6,9,0
2408,1966,Master,Married,60813.97603056491,1,0,93,102,30,412,0,4,3,1
2409,1963,PhD,Together,35956.3066039423,1,0,52,1094,4,277,2,4,6,0
2410,1958,Graduation,Divorced,59469.94723454011,1,1,55,180,19,359,0,2,5,1
2411,1989,Graduation,Married,32875.0843426665,2,0,6,35,10,52,2,5,3,1
2412,1951,Master,Together,49494.1496872309,1,0,56,347,80,127,1,7,10,0
2413,1994,Graduation,Widow,39951.617986783334,0,0,54,109,7,58,1,3,10,0
2414,1974,Graduation,Divorced,66923.47276158087,0,1,51,48,39,44,2,6,6,0
2415,1988,2n Cycle,Together,54335.461999891966,1,1,3,164,21,140,3,1,10,0
2416,1958,Master,Together,49796.641483364416,0,2,42,999,0,255,3,1,6,0
2417,1971,Graduation,Married,39495.0047977023,0,2,39,159,21,14,3,7,4,1
2418,1992,Master,Together,45423.17383246922,0,1,29,128,3,48,2,3,4,1
2419,1995,Master,Single,88581.21624652103,1,1,9,176,32,34,4,4,3,0
2420,1953,Basic,Single,41978.31758554908,1,1,93,3,25,240,3,4,6,0
2421,1975,PhD,Married,61588.138351929665,1,0,6,42,0,406,4,1,3,0
2422,1978,Graduation,Married,49747.07366224622,0,0,35,568,6,12,3,6,7,0
2423,1994,Graduation,Married,61016.50629148076,1,0,34,1145,44,71,4,5,4,0
2424,1983,Graduation,Married,68739.51745386477,1,0,87,51,9,368,3,5,6,0
2425,1972,PhD,Married,44920.43013357847,0,1,38,230,20,63,2,7,4,0
2426,1986,Graduation,Together,66195.46852890246,0,0,35,1017,11,187,2,2,9,0
2427,1960,PhD,Married,107132.78954011679,0,0,19,51,76,15,2,5,7,0
2428,1955,Graduation,Married,63350.79988383409,0,0,48,61,23,88,4,6,7,1
2429,1967,Graduation,Together,84271.62929199592,1,1,95,784,35,104,0,9,4,0
2430,1970,Basic,Married,61620.92000213228,0,1,58,366,2,212,3,3,6,0
2431,1991,Graduation,Married,33360.767556049876,2,0,48,49,1,51,3,11,6,0
2432,1985,Graduation,Married,57513.87994505967,0,0,89,150,9,46,1,3,9,0
2433,1990,Master,Married,45392.32407580138,0,0,25,17,11,54,6,3,6,0
2434,1987,Graduation,Together,40081.186053648526,0,0,35,170,34,121,1,6,5,1
2435,1983,Master,Married,50548.29579195429,0,0,42,451,25,313,1,5,4,0
2436,1966,Master,Single,48904.99842542496,0,1,98,242,14,266,3,4,6,0
2437,1986,Graduation,Divorced,30801.50188414278,0,0,42,312,31,8,3,3,8,0
2438,1974,Master,Single,106169.23169439586,0,0,98,118,5,316,6,2,6,1
2439,1987,PhD,Together,68157.41828944394,0,0,75,52,1,14,2,4,6,1
2440,1961,Graduation,Divorced,56887.804916842295,1,0,32,3,57,80,3,3,5,1
2441,1972,Graduation,Single,53797.60222501946,0,0,99,516,24,217,2,3,9,1
2442,1991,Graduation,Married,76046.97239243792,0,0,77,303,31,12,3,2,4,0
2443,1971,2n Cycle,Married,93511.40724618986,1,0,96,78,11,6,3,2,6,0
2444,1970,Graduation,Divorced,65701.70744025148,0,1,44,162,13,60,4,1,10,0
2445,1976,PhD,Married,54423.854095686416,1,0,44,485,2,196,2,9,10,1
2446,1980,PhD,Married,81452.88143955234,2,0,87,232,58,110,2,7,5,0
2447,1955,PhD,Single,54847.18485871722,0,0,14,107,26,80,5,5,6,0
2448,1976,Graduation,Single,60706.29619250203,2,1,94,93,2,251,3,3,9,0
2449,1989,Graduation,Married,72020.21840063675,1,0,16,73,48,218,1,5,3,0
2450,1983,Master,Together,44270.4172425148,2,1,11,520,17,231,2,4,7,0
2451,1961,Graduation,Married,15000.0,1,2,21,261,43,92,1,4,9,1
2452,1994,Graduation,Single,43298.39549339962,0,0,22,370,0,2,2,5,5,1
2453,1956,Graduation,Married,67460.01858758772,1,1,89,590,0,28,3,3,4,0
2454,1959,Graduation,Married,66051.01795436357,0,1,77,1299,5,202,1,4,2,0
2455,1994,Basic,Single,78853.40218825203,0,0,11,86,7,209,0,5,7,0
2456,1966,Graduation,Together,44063.379322609755,0,1,67,59,43,537,3,5,5,0
2457,1975,Graduation,Single,83618.50485893527,0,0,50,185,36,31,2,4,7,0
2458,1970,Graduation,Together,55701.35660903922,0,0,12,10,28,19,3,2,2,0
2459,1977,Master,Married,64088.26325127361,1,1,56,470,64,22,0,2,12,0
2460,1995,PhD,Together,70072.2551658861,2,1,54,645,8,30,2,2,6,0
2461,1951,Graduation,Married,24366.687462126054,0,2,81,347,70,112,0,3,8,1
2462,1992,Master,Married,31902.056147461506,2,0,27,93,72,554,1,6,5,0
2463,1950,PhD,Married,31238.189658655083,2,0,43,39,17,133,2,2,10,1
2464,1985,Basic,Single,73444.34369697639,0,0,18,144,2,110,2,4,7,0
2465,1975,Master,Divorced,45890.86776521544,0,0,45,537,38,167,2,5,5,0
2466,1978,Graduation,Widow,92551.63946649437,1,0,2,128,12,11,0,0,5,0
2467,1970,Graduation,Together,52067.51949784518,1,0,82,10,47,253,3,3,4,0
2468,1960,Graduation,Married,22572.523038369975,1,0,19,96,5,156,6,2,3,0
2469,1989,Graduation,Together,38551.64978589632,1,0,24,1379,23,28,1,3,6,0
2470,1960,2n Cycle,Single,54347.527264386554,0,0,74,338,21,149,2,6,11,0
2471,1985,Graduation,Married,62303.79728386958,0,2,55,693,3,136,3,6,9,0
2472,1998,Graduation,Widow,32303.245438352526,0,1,80,447,13,10,3,7,7,0
2473,1988,Master,Married,63369.615436125416,0,0,60,232,2,46,2,4,7,0
2474,1989,PhD,Widow,68710.85514091913,1,1,54,48,18,74,1,3,10,0
2475,1984,Graduation,Single,39181.04800889339,1,1,34,128,55,42,3,2,5,0
2476,1983,Graduation,Single,91383.14424118295,0,1,77,262,9,41,1,2,10,0
2477,1996,Graduation,Married,41346.81953298887,2,0,58,613,43,127,4,6,6,0
2478,1973,Master,Married,32002.438515689137,0,0,38,93,6,95,0,6,0,0
2479,1971,Graduation,Married,21415.549705469184,1,1,56,38,33,165,1,6,3,0
2480,1954,Graduation,Married,76412.81397384325,1,0,82,245,74,469,0,4,6,0
2481,1982,PhD,Married,52457.65754691806,2,2,66,58,11,162,2,4,6,1
2482,1985,Graduation,Together,42414.28021071221,1,1,33,282,69,130,2,2,5,0
2483,1996,PhD,Together,22517.231291363456,0,2,40,91,21,282,6,2,6,0
2484,1969,Graduation,Together,44214.981528660726,2,0,21,78,11,149,2,6,4,0
2485,1968,Graduation,Together,99628.90775352223,1,0,26,152,68,27,4,4,5,0
2486,1984,2n Cycle,Married,15000.0,0,0,20,269,0,56,3,2,4,0
2487,1992,PhD,Widow,39366.831979349,1,2,40,236,0,198,0,3,6,1
2488,1966,Graduation,Married,87855.67940084421,1,0,30,84,27,201,3,3,6,0
2489,1994,PhD,Together,76979.46094139045,0,0,26,665,47,651,1,2,7,0
2490,1992,Master,Together,40587.48663437437,0,0,36,34,41,147,0,4,5,0
2491,1983,Master,Single,56071.90193870612,1,0,65,12,2,344,2,2,7,0
2492,1958,Graduation,Married,61258.748093888185,1,0,53,276,90,8,2,3,6,0
2493,1975,2n Cycle,Together,54676.77163614535,0,0,8,39,36,125,6,2,6,0
2494,1951,Graduation,Together,87689.00419218352,0,1,82,210,89,378,1,9,9,0
2495,1958,Graduation,Married,58795.08410915906,0,0,41,909,11,50,1,3,5,0
2496,1958,Graduation,Together,74710.32581926076,1,1,35,359,35,25,4,3,8,0
2497,1989,Graduation,Divorced,55631.97538191231,1,1,9,288,58,64,4,6,4,0
2498,1966,Master,Widow,15000.0,0,1,58,256,14,235,1,3,9,0
2499,1950,Graduation,Married,28151.74493287033,0,1,39,59,100,13,1,8,10,0
2500,1974,Graduation,Married,32302.443013879503,0,0,53,170,9,137,1,6,8,0
2501,1992,Basic,Married,47014.28285447988,1,0,38,125,11,21,1,6,12,0
2502,1989,Graduation,Married,93568.28478028782,0,1,6,917,75,85,2,9,4,0
2503,1991,Graduation,Married,59248.229257509025,0,0,3,83,104,507,3,6,6,0
2504,1974,Graduation,Married,49884.237958704696,0,0,14,191,10,32,4,2,5,0
2505,1988,Graduation,Widow,76771.15992311295,1,0,75,834,4,5,2,2,4,0
2506,1984,Graduation,Divorced,22962.32648996503,0,1,47,467,42,83,0,2,4,0
2507,1952,PhD,Married,42206.096597035226,0,0,5,1001,79,129,0,3,5,0
2508,1999,Graduation,Married,39253.426921199185,2,0,72,281,27,52,1,2,6,0
2509,1986,Graduation,Together,59960.83118936276,0,0,34,121,30,117,2,5,8,0
2510,1993,Master,Married,69916.72584707933,0,2,71,525,43,459,1,4,4,1
2511,1993,PhD,Together,61429.71104054459,2,0,70,103,4,56,2,5,4,1
2512,1979,Graduation,Together,61746.32966437824,0,1,67,54,108,55,3,4,4,0
2513,1987,PhD,Divorced,44777.817615641085,0,0,57,367,13,98,1,5,5,0
2514,1983,Graduation,Single,58415.197162322795,0,1,76,305,29,108,2,4,3,0
2515,1961,Graduation,Together,35203.242584392196,1,0,18,633,18,0,3,1,7,0
2516,1968,PhD,Single,65482.77870015599,0,1,61,980,18,143,0,2,11,0
2517,1986,Graduation,Married,41987.93990673358,1,0,70,583,36,890,2,3,7,0
2518,1993,2n Cycle,Together,29569.80879399252,0,0,9,18,156,51,2,3,7,0
2519,1998,Graduation,Together,52756.388716641704,0,1,24,327,32,149,2,2,8,0
2520,1966,Master,Married,15000.0,1,1,43,460,47,0,1,9,5,0
2521,1959,Graduation,Married,81487.40143992014,2,1,98,1204,0,139,2,4,6,0
2522,1998,Master,Married,67941.97993823397,0,1,57,140,49,88,3,6,9,0
2523,1996,PhD,Divorced,58739.39700495605,1,0,24,55,10,113,4,1,5,1
2524,1961,Master,Married,19526.305092104994,0,2,92,575,4,117,5,0,3,1
2525,1965,Graduation,Married,37996.19633853171,0,0,75,114,3,29,2,4,6,1
2526,1973,PhD,Married,52811.16869743704,0,1,39,273,34,220,3,5,9,0
2527,1968,PhD,Single,46737.90457949585,1,0,75,148,181,121,0,3,7,0
2528,1957,Master,Married,18228.70069105055,0,0,69,154,32,47,2,1,9,0
2529,1980,PhD,Widow,25671.41988927718,0,0,9,395,9,415,4,2,6,0
2530,1970,PhD,Divorced,46338.11206172843,0,0,65,134,6,1,1,4,8,1
2531,1966,Graduation,Together,26334.21202832335,0,0,24,354,22,194,1,10,8,0
2532,1972,Graduation,Single,79427.74647766523,2,0,70,4,2,72,1,6,4,0
2533,1986,Graduation,Married,61890.767188116646,2,0,86,117,15,110,1,3,4,1
2534,1965,Graduation,Married,35930.71781521938,1,0,10,115,32,51,6,3,4,0
2535,1955,2n Cycle,Single,75383.09656031427,0,0,35,414,102,58,1,5,8,0
2536,1957,Master,Married,71354.13177347378,0,0,48,113,16,2,2,5,8,0
2537,1974,2n Cycle,Married,57779.16712773839,1,0,47,300,6,196,1,4,2,0
2538,1967,Graduation,Together,51208.27533072091,2,0,86,349,51,186,2,6,3,0
2539,1974,Basic,Married,46030.523835403204,0,1,6,322,40,159,4,5,7,1
2540,1961,Master,Divorced,41201.22584436687,1,2,90,277,58,315,1,4,11,0
2541,1964,PhD,Married,25264.161615842928,2,0,76,160,7,347,1,4,4,0
2542,1975,PhD,Single,82566.57510195998,1,1,50,140,15,121,2,6,4,0
2543,1990,Graduation,Together,41589.73562457567,0,1,16,249,119,173,1,6,4,0
2544,1994,Master,Single,52564.01219424666,0,0,31,19,5,1,5,3,6,0
2545,1975,PhD,Married,33795.04287398762,0,1,25,625,33,280,1,6,4,0
2546,1996,Graduation,Together,46810.9896678134,0,0,21,523,8,254,0,3,7,0
2547,1981,Graduation,Divorced,109015.54847739486,0,0,12,127,20,3,6,5,10,0
2548,1959,2n Cycle,Together,37480.04192509546,0,0,11,250,48,117,6,4,9,0
2549,1965,Basic,Married,80971.91549083103,1,0,70,807,20,355,1,7,7,0
2550,1956,2n Cycle,Together,51443.889656922016,0,1,0,95,49,30,1,4,4,0
2551,1966,PhD,Single,65598.76926989292,0,0,32,406,16,65,2,0,4,1
2552,1972,Graduation,Together,76891.60510792503,1,0,13,25,220,60,4,5,4,1
2553,1975,Graduation,Divorced,57445.34768811995,1,0,63,222,17,65,2,0,6,0
2554,1970,Graduation,Married,44965.8568723942,1,1,42,646,4,6,0,1,2,0
2555,1971,Graduation,Together,48278.18043435121,0,1,57,240,15,49,3,5,4,1
2556,1956,Graduation,Single,48951.43036707324,1,1,40,287,40,52,1,2,7,0
2557,1963,Graduation,Single,89287.41113830826,0,0,80,714,56,301,1,5,5,0
2558,1964,Graduation,Divorced,22317.484456792186,0,0,67,376,18,65,4,3,7,0
2559,1956,2n Cycle,Widow,16585.460844144145,1,0,38,357,27,88,3,6,6,0
2560,1958,Graduation,Together,17918.941656044655,0,0,0,264,55,71,1,5,7,0
2561,1997,Basic,Married,34121.37132855154,0,0,40,300,50,19,4,4,3,0
2562,1957,PhD,Married,66001.66154396725,0,0,44,488,32,696,2,3,5,0
2563,1999,Graduation,Single,67228.38584808396,0,0,87,1162,50,262,2,5,4,0
2564,1972,Graduation,Divorced,39849.947171865846,0,2,97,475,25,116,3,4,3,0
2565,1978,Graduation,Married,51430.16944680321,1,1,97,368,0,97,0,3,3,0
2566,1967,Graduation,Married,29674.027298243305,0,0,87,43,1,157,2,5,1,0
2567,1980,PhD,Married,31528.954251872638,2,0,78,509,117,59,1,1,4,0
2568,1979,Graduation,Single,63597.3367802309,0,0,80,399,4,7,1,2,1,0
2569,1988,Graduation,Married,72953.68122216794,0,1,12,441,15,77,0,4,4,0
2570,1984,Graduation,Together,42463.62351139715,0,1,70,78,81,620,0,4,4,0
2571,1967,2n Cycle,Together,84700.30241661606,0,2,8,701,6,30,5,2,3,1
2572,1991,Master,Single,71312.1069757222,1,0,62,30,55,112,2,3,8,0
2573,1988,Master,Single,83834.51704511102,0,1,98,87,51,1,3,2,8,0
2574,1966,Graduation,Together,45981.23861810163,0,0,22,326,128,19,3,3,5,0
2575,1963,Master,Married,82413.7249126529,1,1,53,335,9,132,4,2,7,0
2576,1980,Master,Together,95590.8527995155,0,1,46,112,11,52,3,5,6,0
2577,1973,PhD,Single,43749.64933287961,1,1,38,362,69,354,3,5,12,0
2578,1984,2n Cycle,Widow,48916.61923263828,1,0,86,147,8,78,1,5,4,0
2579,1993,Graduation,Married,33045.62995187202,0,1,25,0,23,34,3,5,3,0
2580,1994,2n Cycle,Married,29115.698076783447,0,0,0,53,36,118,1,3,4,0
2581,1983,2n Cycle,Married,29348.9731746741,0,0,13,642,9,237,0,6,9,0
2582,1952,Graduation,Married,35770.67736425415,1,0,95,75,83,2,1,2,8,0
2583,1986,Graduation,Single,57494.759579711426,0,0,73,35,32,105,1,4,6,0
2584,1992,2n Cycle,Married,36616.00921157297,0,0,64,343,1,222,1,1,5,0
2585,1989,Graduation,Together,56883.251091737366,0,0,68,174,4,16,2,3,11,0
2586,1975,PhD,Married,57296.903023899045,0,0,66,477,6,349,2,1,4,0
2587,1972,2n Cycle,Married,42597.512122512424,0,0,48,592,8,46,3,5,7,1
2588,1993,PhD,Together,50747.257908613894,1,0,49,561,39,28,1,4,5,0
2589,1988,Graduation,Married,41441.75214627374,0,0,57,112,2,133,1,9,4,0
2590,1964,PhD,Married,45785.204534470955,2,0,52,211,12,28,2,4,7,1
2591,1998,Graduation,Single,35822.7405107157,1,0,90,315,72,170,1,3,7,0
2592,1953,PhD,Together,53682.09379565633,0,0,56,116,24,101,3,5,9,1
2593,1978,Graduation,Married,39989.082690803334,0,1,85,12,9,17,3,6,5,0
2594,1971,PhD,Widow,28678.68248124409,0,0,17,205,94,365,2,6,4,0
2595,1974,PhD,Together,63868.57777697075,1,1,15,3,8,167,4,4,9,0
2596,1962,Master,Single,64545.82402570927,0,0,1,902,70,118,1,3,7,0
2597,1967,PhD,Married,74233.97071288215,2,2,12,477,38,70,1,4,5,0
2598,1982,PhD,Married,31512.05250791643,1,0,44,63,40,21,1,5,6,0
2599,1965,PhD,Married,42381.45386578026,0,0,79,101,43,184,5,5,3,0
2600,1994,Graduation,Married,56609.908101794455,1,0,71,1219,21,252,0,7,6,1
2601,1991,PhD,Together,41959.202463754795,0,0,42,140,50,20,5,7,6,0
2602,1993,Graduation,Divorced,63418.23967615643,1,1,71,459,54,102,2,2,5,0
2603,1951,2n Cycle,Together,61958.65774967872,0,0,53,177,13,99,4,6,12,0
2604,1984,Graduation,Married,61585.90712382132,0,0,73,598,15,64,4,6,8,0
2605,1991,Graduation,Together,81193.34466608528,0,1,96,364,65,233,3,5,5,0
2606,1983,PhD,Married,64881.54148916899,1,0,30,6,22,15,1,5,8,0
2607,1979,Graduation,Together,55077.822229628524,0,0,75,104,60,34,2,2,7,0
2608,1962,Graduation,Together,48129.290268069264,2,0,8,244,29,0,1,3,4,0
2609,1962,PhD,Single,49522.71783646368,0,0,72,781,27,70,2,2,6,0
2610,1967,PhD,Widow,30715.79692319853,0,2,47,32,0,51,0,4,6,0
2611,1981,Master,Married,16685.796260999574,0,1,17,275,9,302,2,3,6,0
2612,1981,Graduation,Together,61275.12255462127,0,1,93,107,20,205,2,2,7,0
2613,1984,PhD,Divorced,76472.65875126132,0,2,95,660,26,13,1,2,8,1
2614,1988,Graduation,Single,45397.70153394526,0,0,86,434,29,202,0,3,7,0
2615,1995,PhD,Together,83741.88318065194,1,0,10,138,37,168,1,5,7,0
2616,1978,PhD,Divorced,48469.751338370595,0,0,61,54,32,49,0,3,7,0
2617,1998,PhD,Married,15000.0,0,1,83,3,56,2,2,6,9,0
2618,1978,Graduation,Divorced,70364.98507459206,0,1,18,291,10,18,3,3,5,0
2619,1993,Graduation,Married,42414.235255237094,1,0,99,156,30,43,2,4,8,0
2620,1965,Graduation,Together,72175.57355040028,0,0,89,113,1,254,0,1,8,0
2621,1993,Graduation,Divorced,26449.4503213672,0,2,73,1270,19,93,1,4,8,0
2622,1996,Graduation,Married,60240.883242953,0,0,23,188,9,375,2,2,4,1
2623,1959,PhD,Together,35990.77832911375,1,1,12,415,14,233,4,2,9,1
2624,1979,Graduation,Married,56028.09733124711,1,0,45,58,13,50,4,1,5,0
2625,1974,2n Cycle,Widow,67332.13389150712,0,0,52,4,1,280,1,3,5,0
2626,1988,Graduation,Single,62688.02002587771,0,0,97,162,18,18,1,10,9,0
2627,1969,Master,Single,53387.35666060185,1,1,28,328,156,5,1,5,7,0
2628,1954,PhD,Together,24430.817875755543,2,0,35,211,10,140,1,3,4,0
2629,1950,Graduation,Single,66606.88361103531,1,0,70,663,39,62,4,4,6,0
2630,1979,Graduation,Married,72628.608759912,2,1,93,170,23,59,3,6,6,0
2631,1998,PhD,Together,31140.05951686915,1,1,16,111,11,174,1,3,7,0
2632,1952,Graduation,Single,34079.41571388001,1,1,47,743,2,284,2,5,6,0
2633,1994,2n Cycle,Married,73471.14716065823,0,0,76,156,7,58,4,2,7,0
2634,1963,PhD,Married,47831.16874861468,0,1,23,94,45,58,1,1,8,1
2635,1979,2n Cycle,Married,34597.73325188836,0,0,53,30,9,114,2,5,8,1
2636,1999,Graduation,Married,57451.08827038546,1,0,94,472,4,158,3,2,4,0
2637,1953,Master,Divorced,39229.51224091163,2,0,90,523,12,34,0,5,7,0
2638,1967,PhD,Together,55220.84262811962,1,0,84,10,26,365,3,2,7,0
2639,1986,Master,Single,43735.86658307304,0,1,0,133,36,159,1,4,3,0
2640,1974,Graduation,Married,45449.78359838911,0,0,78,415,14,147,2,3,5,0
2641,1997,PhD,Married,74207.94767714903,0,0,66,877,20,351,1,3,3,0
2642,1950,Graduation,Married,15000.0,0,1,5,142,18,356,2,5,8,0
2643,1995,Master,Single,63095.01508870489,1,1,77,616,0,21,1,4,6,0
2644,1964,Graduation,Together,70909.01556532987,2,1,54,150,15,23,1,5,5,1
2645,1958,Basic,Divorced,39560.117176446896,0,0,37,59,26,215,1,6,9,0
2646,1964,Graduation,Single,70755.307087263,0,1,32,1,25,471,1,3,5,0
2647,1998,Master,Together,32819.52066318352,1,0,7,120,41,164,1,5,4,0
2648,1973,Basic,Together,38800.32908672745,0,2,89,142,33,79,2,0,3,0
2649,1953,Master,Divorced,36496.6591281793,1,0,78,870,9,172,1,1,8,0
2650,1961,PhD,Single,71025.84327205169,0,1,77,69,8,38,2,6,4,0
2651,1986,Graduation,Married,17101.046266643338,0,0,19,144,18,929,0,6,6,0
2652,1986,2n Cycle,Together,84802.94452051149,0,0,54,7,39,84,3,2,10,0
2653,1992,Graduation,Single,45901.22867772222,0,0,47,432,2,402,4,4,8,0
2654,1955,PhD,Single,64298.243083147114,0,0,82,740,88,84,2,3,10,0
2655,1988,PhD,Married,62574.15842727462,0,0,55,81,23,394,1,8,7,0
2656,1995,Master,Divorced,55024.635764130384,0,1,96,168,10,61,2,2,8,0
2657,1973,Graduation,Widow,39986.27877044881,0,0,99,39,35,214,5,4,1,0
2658,1960,PhD,Married,76847.45125855708,0,1,87,183,1,452,3,5,9,0
2659,1962,Master,Divorced,41702.974685577916,0,0,9,42,19,155,2,5,1,1
2660,1983,Graduation,Married,37375.02684558191,0,0,51,222,19,169,0,6,7,0
2661,1974,2n Cycle,Married,69554.20567047066,1,1,49,397,5,16,2,8,6,0
2662,1956,Graduation,Married,54914.9923907374,2,1,33,241,54,96,1,4,3,0
2663,1953,Graduation,Married,79156.43150232402,0,0,35,84,47,326,1,3,3,0
2664,1957,Graduation,Single,50746.658170890005,0,0,60,130,4,41,3,5,5,0
2665,1969,Graduation,Married,38982.49254608507,0,1,99,305,13,232,1,6,7,0
2666,1978,2n Cycle,Married,57494.869460477974,0,0,15,267,3,168,4,5,4,0
2667,1994,Graduation,Married,43047.65687825193,1,0,78,44,56,37,3,6,7,0
2668,1995,Graduation,Married,39561.54977388589,1,1,17,559,11,49,4,0,4,0
2669,1959,Graduation,Married,68637.76387311748,1,0,70,193,17,83,3,5,7,1
2670,1992,PhD,Single,88631.10134550056,0,0,46,53,11,20,0,3,9,0
2671,1983,PhD,Married,47070.76416163019,0,2,85,39,11,366,2,2,8,0
2672,1975,Graduation,Divorced,32505.176274281388,2,1,31,1010,41,201,5,3,6,0
2673,1990,Graduation,Single,48930.873002003624,0,0,42,99,41,68,2,10,5,1
2674,1998,Basic,Married,62296.02459791847,0,0,82,717,21,53,3,4,6,0
2675,1952,Graduation,Divorced,57149.59056954941,2,0,39,158,32,175,1,1,2,0
2676,1955,Graduation,Married,75884.63388943425,1,1,64,146,21,82,1,1,8,0
2677,1954,Graduation,Married,65301.796765513995,1,1,34,362,0,39,0,3,6,0
2678,1954,Master,Married,29931.81063780182,0,0,68,2,2,84,2,2,6,1
2679,1996,Graduation,Married,42133.632987184494,0,0,49,123,14,307,2,3,7,0
2680,1972,PhD,Together,24383.31760049349,0,0,11,108,41,10,2,6,8,1
2681,1998,Graduation,Single,74893.58691260376,1,0,75,607,73,68,2,3,5,0
2682,1958,2n Cycle,Married,15000.0,0,1,84,225,0,491,4,3,4,0
2683,1984,Graduation,Single,26333.353387553754,1,0,57,136,13,2,2,4,6,0
2684,1969,Master,Married,41763.95067989654,1,0,82,92,7,331,2,5,6,0
2685,1998,Graduation,Single,63278.34806209634,0,0,62,267,50,70,2,4,7,0
2686,1991,Graduation,Married,41566.93172588697,0,0,72,49,56,31,1,6,6,0
2687,1984,Master,Married,44695.41172571016,0,0,48,84,6,2,1,5,4,0
2688,1999,Graduation,Married,45089.442534546,1,0,35,104,37,10,3,3,8,0
2689,1967,Basic,Married,55455.65244716492,1,1,53,280,39,28,1,7,4,0
2690,1966,2n Cycle,Together,27589.769294599966,1,2,46,140,5,3,1,6,9,0
2691,1973,Basic,Single,33056.45903903906,0,2,31,211,17,61,0,4,5,1
2692,1952,Graduation,Married,85618.47397591782,0,0,98,315,29,6,1,0,7,0
2693,1981,Master,Single,60047.98194394023,1,1,94,938,0,176,4,6,7,0
2694,1984,Graduation,Single,67215.6434370569,0,2,52,434,15,256,3,2,4,0
2695,1987,Basic,Divorced,53160.57062910433,1,0,31,155,5,327,2,6,6,0
2696,1962,PhD,Married,49194.3950351452,1,0,61,413,23,119,2,4,9,0
2697,1996,Master,Together,61142.61892190561,0,0,36,896,55,439,0,2,10,0
2698,1974,Graduation,Divorced,66552.27367352266,0,0,95,207,22,0,1,8,4,0
2699,1958,PhD,Single,68921.51349383438,0,1,37,158,1,21,0,3,4,0
2700,1953,Graduation,Married,49468.808803613196,0,0,29,24,0,52,2,3,8,0
2701,1963,Master,Married,71107.53112556643,1,0,57,668,27,233,4,4,7,1
2702,1986,Graduation,Married,15000.0,1,0,31,84,11,324,6,3,7,0
2703,1983,PhD,Together,69845.74019450243,1,0,65,19,25,144,3,3,4,0
2704,1960,Master,Single,43461.88086512396,1,0,50,231,5,72,1,3,12,0
2705,1990,PhD,Married,63067.648926033944,0,0,10,561,44,164,3,1,5,0
2706,1952,Graduation,Together,39013.44548608273,0,0,58,156,59,29,3,5,4,0
2707,1977,PhD,Together,25466.10939844445,1,1,19,458,66,91,2,4,4,0
2708,1978,Graduation,Together,58794.08062633335,0,1,36,543,10,106,2,1,5,1
2709,1958,Graduation,Single,21969.389533576013,1,1,72,181,32,16,0,2,10,0
2710,1952,Graduation,Single,44006.45143554586,1,1,48,268,9,5,2,2,9,0
2711,1974,Graduation,Married,35751.40617791695,0,1,18,229,43,208,2,6,9,1
2712,1983,Graduation,Divorced,48499.34923413047,0,1,54,840,3,114,2,5,5,0
2713,1961,Master,Married,67944.18239194545,0,1,39,387,43,60,2,3,7,0
2714,1991,Graduation,Married,42203.09429091018,1,1,6,778,17,86,0,4,10,0
2715,1958,Graduation,Married,58291.55094825223,0,0,4,74,58,474,4,6,3,0
2716,1964,2n Cycle,Married,66786.92076454176,2,0,41,111,40,72,1,4,3,0
2717,1989,Graduation,Married,39854.89898412426,0,1,87,22,14,16,3,8,9,0
2718,1974,PhD,Married,40144.92942561795,2,0,47,207,70,93,1,3,3,0
2719,1954,Master,Single,79386.57804400421,0,0,6,621,9,156,2,3,5,1
2720,1960,2n Cycle,Married,50412.22720444186,0,0,10,118,102,1,3,4,6,0
2721,1983,Master,Single,62182.77586263749,1,0,72,41,43,60,0,3,4,0
2722,1973,Master,Married,62031.22184718448,1,2,48,21,140,75,4,2,10,0
2723,1964,Master,Divorced,28040.24787844044,0,0,29,177,1,93,5,6,4,0
2724,1987,Graduation,Single,36782.4824765601,1,0,40,53,9,53,3,6,8,1
2725,1957,Master,Married,59506.9472708004,1,0,2,127,40,164,2,2,5,0
2726,1954,Graduation,Single,15000.0,0,1,85,514,76,434,3,3,7,0
2727,1997,2n Cycle,Together,47774.0476592315,0,0,39,145,0,368,1,2,3,0
2728,1975,Graduation,Single,34694.32255214435,1,1,50,282,0,163,4,4,7,0
2729,1967,PhD,Together,74210.12283953307,0,1,83,209,8,106,1,5,2,0
2730,1955,Graduation,Together,58922.30906309898,0,0,31,380,57,262,1,2,9,0
2731,1986,Master,Single,75824.92594781354,1,0,47,50,43,271,3,3,4,1
2732,1997,Graduation,Together,51217.507328932945,0,0,70,759,12,265,2,0,6,0
2733,1962,Basic,Married,49722.21614465955,0,1,70,309,0,25,3,5,7,0
2734,1977,Master,Single,45901.4096184087,2,1,19,94,24,3,3,3,10,0
2735,1954,Graduation,Married,41938.612008898155,0,0,88,39,8,612,5,5,3,0
2736,1962,Master,Together,105693.1267811197,1,0,34,48,41,481,4,3,4,0
2737,1966,Master,Married,68143.39031586444,1,0,23,457,17,124,2,6,5,0
2738,1999,PhD,Together,30676.229081264348,0,1,39,266,34,745,2,4,5,0
2739,1989,Graduation,Widow,104786.17738324357,0,0,76,143,57,220,0,4,3,0
2740,1994,Graduation,Married,43900.40129995454,0,0,51,121,23,109,3,3,4,0
2741,1981,Graduation,Married,58423.04000353712,0,0,38,580,12,73,0,2,10,0
2742,1978,Graduation,Single,70791.94743743731,1,1,67,623,44,134,3,4,8,1
2743,1952,2n Cycle,Single,21240.921458549983,1,1,60,261,9,108,1,4,6,0
2744,1989,Graduation,Together,35453.46396701802,0,0,75,223,66,762,3,7,6,0
2745,1983,Master,Married,84963.2964914138,0,1,80,508,2,101,2,2,7,0
2746,1989,Graduation,Divorced,47503.42673327209,0,0,64,415,54,271,1,4,7,0
2747,1976,PhD,Single,71973.40233521744,0,2,61,153,2,251,3,4,5,0
2748,1962,Master,Married,42930.63118707309,0,0,80,25,1,11,2,6,5,0
2749,1994,Basic,Married,50098.80789026317,0,1,1,438,13,13,2,1,1,0
2750,1982,Graduation,Together,87705.13732153,1,0,5,55,94,161,3,5,7,0
2751,1955,Graduation,Married,60750.24484596046,0,0,74,4,123,44,1,4,4,0
2752,1973,Graduation,Married,45103.04466138003,0,1,42,556,6,160,3,2,3,1
2753,1968,Graduation,Divorced,38332.73078394304,1,0,81,259,4,23,3,2,5,0
2754,1965,Graduation,Married,40162.49215173593,0,0,39,666,13,75,2,3,11,0
2755,1989,Graduation,Single,76831.20061474183,0,0,88,198,12,16,2,6,10,0
2756,1977,Graduation,Married,67309.9661727784,0,0,38,783,42,49,2,2,2,0
2757,1982,Master,Single,29026.467358528174,0,0,27,131,17,13,2,4,6,0
2758,1997,Graduation,Single,53743.57113741407,0,0,79,386,45,528,1,2,7,0
2759,1990,Graduation,Married,50663.67056387989,2,1,62,107,41,75,1,3,5,0
2760,1962,Graduation,Together,58321.855391365876,0,1,63,0,25,347,3,4,6,0
2761,1992,Master,Married,39928.5776171726,2,0,11,143,53,531,7,1,2,0
2762,1994,Basic,Divorced,73956.11223298847,0,0,40,401,6,360,6,3,4,0
2763,1974,PhD,Divorced,51973.2144542795,0,1,28,48,5,91,1,4,5,0
2764,1991,Master,Together,59468.73035170819,0,0,22,210,41,226,0,5,10,0
2765,1985,Graduation,Together,36306.195517713684,0,0,84,71,8,25,2,3,7,0
2766,1976,PhD,Married,37313.73724658876,0,1,79,23,0,14,4,2,9,0
2767,1987,Graduation,Single,105150.222185338,0,1,50,288,72,314,0,3,5,0
2768,1956,Graduation,Married,88001.59904853365,0,0,44,910,29,4,4,2,11,0
2769,1954,Master,Married,50606.37674234177,0,0,89,111,17,538,0,5,7,0
2770,1992,Basic,Together,82660.07901453879,0,0,21,260,38,167,2,6,7,0
2771,1994,Graduation,Married,76254.75028524859,0,2,9,921,12,81,1,2,5,0
2772,1980,PhD,Single,39495.77941901721,0,0,6,315,92,22,3,2,7,0
2773,1972,PhD,Married,37501.3359719573,1,2,72,335,2,192,1,7,3,0
2774,1991,Graduation,Together,65373.53250702634,1,0,88,59,30,124,2,5,6,0
2775,1959,Graduation,Married,57201.212762256444,0,0,14,203,45,186,1,5,3,0
2776,1981,Graduation,Married,43959.90767322559,0,0,76,137,18,81,1,9,7,0
2777,1992,Graduation,Together,66424.53087497475,0,1,45,191,42,10,2,4,4,0
2778,1979,Graduation,Widow,23150.341488141064,1,0,89,484,78,56,3,3,7,0
2779,1988,Graduation,Single,54300.03055704915,0,0,84,185,40,56,5,2,5,0
2780,1980,Graduation,Married,27221.526928744883,1,1,86,19,11,1,1,1,7,0
2781,1967,Master,Married,27880.173129498744,0,2,60,707,24,1,3,3,7,0
2782,1985,PhD,Divorced,37864.70420695187,0,0,91,236,72,60,2,3,6,1
2783,1951,2n Cycle,Together,59265.74552687977,0,0,60,775,17,195,3,5,5,0
2784,1963,Graduation,Married,38495.25982230739,0,1,50,254,34,146,1,4,9,0
2785,1962,Master,Divorced,27637.827840992366,1,1,37,21,18,40,5,1,7,1
2786,1978,Basic,Single,61544.98405353893,0,0,11,241,3,138,3,7,7,0
2787,1961,PhD,Widow,81854.94088882073,0,2,87,257,1,156,3,3,4,1
2788,1988,Graduation,Divorced,64777.00868404025,0,0,76,72,91,110,0,7,5,0
2789,1951,Master,Divorced,88035.97449187293,1,1,65,191,28,110,3,3,6,0
2790,1981,Graduation,Married,80183.56787205176,0,0,53,184,3,69,1,6,4,0
2791,1962,Graduation,Married,42251.43574980129,0,0,38,292,58,19,3,3,5,0
2792,1995,PhD,Together,64643.19638728221,0,0,75,90,22,73,2,6,6,1
2793,1976,PhD,Together,50167.38412889686,0,1,38,261,44,63,4,4,5,0
2794,1998,Graduation,Together,73241.99562396118,1,2,77,82,4,134,4,1,8,0
2795,1990,2n Cycle,Married,50163.76885472859,0,0,29,177,71,290,3,2,5,1
2796,1966,PhD,Together,36226.06981581467,0,0,47,39,26,70,4,6,8,0
2797,1989,Graduation,Together,79468.11884700508,0,0,82,11,40,185,0,2,5,0
2798,1980,2n Cycle,Married,58355.91101446739,2,1,30,115,0,250,1,3,6,0
2799,1983,Graduation,Married,38729.40657381537,0,2,24,96,11,35,3,1,11,0
2800,1973,2n Cycle,Together,42025.473998523536,0,1,67,156,9,347,2,5,7,0
2801,1994,PhD,Single,38601.587111230314,2,0,50,980,89,10,3,9,3,1
2802,1984,Graduation,Married,31965.051345805674,0,2,12,221,6,347,4,2,5,1
2803,1997,Master,Together,42449.69315512899,2,0,99,241,36,26,3,1,4,0
2804,1955,PhD,Single,59460.42427462413,0,0,62,852,1,61,6,5,5,1
2805,1968,Master,Together,53281.213403723596,0,0,41,762,6,139,0,1,5,0
2806,1979,2n Cycle,Married,43235.66127235682,1,0,53,646,12,354,0,4,7,0
2807,1956,Master,Together,81910.14937594449,1,1,66,30,47,44,3,7,8,0
2808,1959,PhD,Married,15000.0,0,1,79,301,46,216,2,2,9,0
2809,1990,Basic,Divorced,58122.71830311421,2,0,89,495,91,185,3,1,4,1
2810,1981,PhD,Married,49144.814903648126,0,0,55,541,74,26,3,5,6,0
2811,1983,Graduation,Single,32596.375404070393,1,0,18,258,2,97,1,4,2,0
2812,1977,Basic,Married,59289.08691575436,0,0,45,5,53,98,1,5,5,0
2813,1964,Graduation,Together,47605.0357527769,0,0,14,1091,17,54,1,6,5,0
2814,1979,Master,Together,76941.46932427787,2,0,31,191,60,227,4,7,3,0
2815,1986,Basic,Married,69361.30484822932,2,1,48,150,2,390,1,6,7,0
2816,1978,Master,Together,90122.61472747971,0,1,20,150,51,189,7,6,13,0
2817,1971,PhD,Married,42333.64138972015,0,2,64,165,5,541,4,3,5,0
2818,1953,Master,Married,79931.08979495031,0,2,69,83,12,7,1,4,8,0
2819,1969,Graduation,Together,28682.904639691576,0,1,26,118,0,5,2,4,6,1
2820,1981,Basic,Married,49787.270014488415,0,0,22,1267,3,336,1,1,3,0
2821,1985,Graduation,Divorced,42695.058947314574,0,1,46,137,17,342,1,2,4,1
2822,1999,Graduation,Together,64048.90825818818,0,0,94,224,51,16,6,1,12,0
2823,1953,Graduation,Together,63565.51596487105,1,1,11,565,44,66,1,2,3,0
2824,1976,PhD,Married,33987.608135440576,0,0,84,224,8,270,1,3,5,0
2825,1966,PhD,Together,65163.84347968833,0,1,65,117,4,20,0,4,5,0
2826,1961,Master,Single,44390.218343122164,0,0,4,222,14,46,4,0,5,0
2827,1971,Graduation,Married,35664.05280096612,1,0,8,36,64,171,2,4,7,0
2828,1966,Graduation,Single,51764.372757153455,0,0,19,41,2,601,0,3,3,0
2829,1959,Graduation,Married,22463.11677274964,0,0,81,355,23,239,2,3,5,1
2830,1950,Graduation,Single,70626.12699977544,1,2,62,748,2,225,6,4,7,0
2831,1971,PhD,Married,50887.58379116559,1,0,85,388,19,62,3,4,6,0
2832,1975,Graduation,Divorced,51325.08756403919,1,0,71,23,4,162,1,4,11,0
2833,1967,Graduation,Together,50256.66745826986,2,2,97,154,2,18,1,2,5,1
2834,1999,Graduation,Married,84937.00173383567,1,1,72,0,6,729,1,1,3,0
2835,1963,Graduation,Married,82377.55377659641,1,0,70,214,8,98,1,3,7,0
2836,1996,Graduation,Together,79015.22186798374,0,0,29,64,9,152,3,3,4,0
2837,1978,Graduation,Widow,50299.16711482324,0,0,81,607,31,313,4,3,8,1
2838,1961,Master,Married,29687.501750201252,0,1,90,33,1,0,0,0,9,0
2839,1985,Master,Married,51680.41114232172,0,1,15,0,2,559,2,6,9,0
2840,1984,PhD,Together,58288.008414543634,0,2,84,179,6,66,3,3,7,0
2841,1961,2n Cycle,Together,68252.20607786556,0,0,4,50,61,62,0,1,9,0
2842,1956,Graduation,Together,58223.65482200487,1,0,28,401,29,23,4,6,6,0
2843,1978,PhD,Single,31470.114476208273,0,0,46,757,39,292,0,7,6,0
2844,1960,2n Cycle,Married,41291.69059319561,0,1,21,12,13,307,4,5,4,0
2845,1982,Graduation,Divorced,39477.269375021555,2,0,77,151,7,3,2,3,10,0
2846,1955,2n Cycle,Together,62781.06100811642,0,0,56,1724,1,8,5,2,5,0
2847,1996,Graduation,Married,63271.949064799344,0,0,82,395,20,375,1,4,7,0
2848,1964,Graduation,Single,65892.63776161741,0,0,34,918,25,19,1,2,8,0
2849,1981,Graduation,Together,58020.71709344706,1,1,87,53,68,145,3,5,3,0
2850,1960,Master,Married,15000.0,0,0,59,75,64,144,3,3,4,0
2851,1972,PhD,Together,17482.806434503822,1,0,69,50,16,305,0,5,9,0
2852,1975,Master,Married,49196.24737320716,0,0,59,108,16,127,1,3,8,0
2853,1983,Graduation,Together,53961.55840932785,0,1,57,386,5,85,2,6,6,1
2854,1995,Graduation,Divorced,77073.31174305957,0,0,2,54,8,549,2,3,2,0
2855,1983,Graduation,Married,53555.90295990063,1,0,33,222,77,38,3,6,8,0
2856,1978,Graduation,Married,32481.01338280706,1,0,44,94,4,45,0,5,8,0
2857,1953,2n Cycle,Single,65243.29615554737,1,0,49,530,103,13,1,4,3,0
2858,1966,Graduation,Widow,51654.966142715144,1,1,1,1,21,555,1,3,6,0
2859,1984,Master,Together,43958.9042893193,0,0,14,75,18,183,1,6,5,1
2860,1962,Master,Together,19708.011840597806,1,2,36,278,5,1,2,4,3,0
2861,1990,Graduation,Together,53703.740162224654,0,0,14,30,32,182,2,5,10,0
2862,1988,PhD,Divorced,56576.35821958921,1,1,59,188,18,77,0,4,6,0
2863,1964,Graduation,Divorced,32077.073917879006,0,1,95,171,13,514,3,4,5,0
2864,1978,Graduation,Married,66887.1557641255,0,0,84,574,9,48,2,2,6,0
2865,1978,Graduation,Together,65095.93597301966,0,1,63,294,2,185,1,8,4,0
2866,1960,PhD,Together,52978.25164785951,0,0,80,306,21,148,2,5,3,0
2867,1981,Graduation,Single,52234.45715884082,0,0,97,909,11,1,1,1,10,0
2868,1951,PhD,Together,70920.75493328497,1,0,95,1211,36,324,2,5,4,0
2869,1996,PhD,Single,59350.60737562063,0,0,51,317,38,22,0,3,4,0
2870,1963,Graduation,Widow,37954.89102103279,0,1,22,221,12,163,1,2,4,1
2871,1969,PhD,Married,48047.03432799704,1,0,98,280,33,224,2,8,7,0
2872,1971,Master,Married,63136.98803872158,0,1,36,144,8,149,0,3,6,0
2873,1960,Graduation,Together,15000.0,1,0,40,1313,38,15,2,6,10,0
2874,1976,Graduation,Married,33369.47902420743,0,0,56,366,0,554,1,6,7,0
2875,1952,Master,Married,65642.75332677951,2,2,96,103,4,40,3,3,10,0
2876,1966,Graduation,Married,76177.55208432226,0,1,24,17,8,148,1,6,8,0
2877,1993,PhD,Single,72420.97480536025,0,1,36,13,44,239,2,2,10,0
2878,1977,Graduation,Divorced,69865.86624495561,0,1,39,68,2,420,2,2,7,1
2879,1978,Graduation,Together,54594.87725342882,0,2,84,79,6,138,0,5,7,0
2880,1970,Graduation,Together,31421.93180624621,2,0,45,160,13,44,2,1,7,0
2881,1996,Graduation,Married,48067.53230853531,0,1,59,72,0,271,3,6,10,0
2882,1965,PhD,Single,15000.0,0,0,97,299,43,26,2,1,3,0
2883,1986,Graduation,Single,78013.12172421506,0,0,18,71,24,3,2,4,6,0
2884,1969,Master,Together,35657.74395051382,1,0,90,62,69,358,5,3,6,0
2885,1955,Basic,Married,41333.084799535936,0,0,8,191,0,128,1,2,6,1
2886,1968,PhD,Married,73172.38105281154,2,0,68,658,9,10,3,2,1,0
2887,1954,Master,Married,19707.460857809117,0,1,4,189,39,130,2,5,7,1
2888,1952,Graduation,Together,28211.947519491372,0,1,88,160,33,23,2,7,5,0
2889,1950,Graduation,Single,57359.42687650269,0,0,25,258,8,4,4,2,4,0
2890,1987,Master,Divorced,62407.60830134957,1,0,18,89,27,18,4,3,3,0
2891,1964,Graduation,Together,50565.98409651681,1,0,29,130,47,223,2,4,7,0
2892,1983,PhD,Single,51218.337741281845,0,0,99,72,1,211,3,3,10,0
2893,1984,Graduation,Divorced,77367.5590778889,0,1,47,254,37,139,3,3,3,0
2894,1998,PhD,Married,64726.36890121302,1,0,15,358,8,35,3,6,8,0
2895,1974,Basic,Married,62023.398690550915,0,0,70,335,88,201,2,6,7,0
2896,1973,Basic,Divorced,67512.92985587486,0,2,17,88,23,78,0,8,10,0
2897,1961,Master,Married,45988.19450622764,0,1,55,453,1,107,1,4,5,0
2898,1967,Master,Divorced,95463.31328286041,0,1,20,88,15,341,1,2,3,0
2899,1964,PhD,Widow,15000.0,0,1,30,48,101,91,0,1,6,0
2900,1993,PhD,Single,81158.42048237563,0,0,0,129,39,147,6,3,5,1
2901,1965,Graduation,Single,70042.15037486219,0,0,2,273,10,489,2,6,4,0
2902,1976,Graduation,Single,56965.76503101709,1,1,94,45,25,90,6,1,6,0
2903,1957,Graduation,Single,53600.57915204223,0,1,24,313,27,123,0,3,8,0
2904,1995,2n Cycle,Married,48888.93405725787,1,0,7,596,0,131,0,3,12,0
2905,1974,Graduation,Married,74068.87175926818,0,0,64,104,5,41,0,4,6,0
2906,1966,PhD,Married,51202.71052000232,1,1,61,179,24,200,1,2,6,1
2907,1978,PhD,Single,37442.30520953826,0,0,6,77,15,194,0,9,10,0
2908,1957,PhD,Married,70039.65770643365,1,0,6,134,6,36,1,3,4,0
2909,1964,Master,Married,83695.32468119716,0,0,7,6,44,2,1,1,6,0
2910,1976,Graduation,Married,15000.0,1,0,18,922,20,1027,1,5,9,0
2911,1995,PhD,Single,99141.83661540638,0,0,16,161,11,130,3,1,9,0
2912,1999,Master,Widow,31265.37404940717,0,0,10,466,5,29,3,6,12,0
2913,1956,Graduation,Widow,32794.034469692946,2,1,48,46,28,50,1,4,2,0
2914,1952,Graduation,Together,27102.205610147746,0,0,10,501,32,144,3,4,4,1
2915,1978,PhD,Divorced,52016.9810492925,0,0,40,590,33,22,3,3,6,0
2916,1993,Master,Single,26405.63430062732,2,0,61,377,7,5,1,1,8,0
2917,1973,Graduation,Together,28834.798722982287,0,2,51,700,27,240,2,2,5,0
2918,1952,Master,Together,38228.999048327656,0,0,65,54,70,188,5,6,5,0
2919,1969,Master,Married,54769.11350388679,2,0,67,194,13,55,1,5,12,1
2920,1995,Graduation,Divorced,56697.07197935022,0,1,91,290,7,9,1,2,6,0
2921,1964,2n Cycle,Married,76823.94558820169,1,0,96,272,44,99,6,4,5,0
2922,1974,Master,Together,76362.97546389827,0,0,74,592,5,48,4,4,6,0
2923,1979,Master,Single,72492.22628195207,1,0,66,72,8,76,1,7,5,0
2924,1963,Master,Married,46767.65657868549,0,2,39,57,3,48,4,7,7,0
2925,1956,Graduation,Married,15176.364440068246,2,1,4,87,9,28,1,1,10,0
2926,1966,Graduation,Together,15000.0,0,2,84,666,15,73,2,3,5,1
2927,1993,Graduation,Married,72354.59752219626,0,0,21,849,1,502,4,1,7,0
2928,1969,Graduation,Single,68875.0894341474,1,1,36,252,61,46,4,3,6,0
2929,1985,Graduation,Together,39665.91075111907,0,0,10,208,21,61,0,0,3,0
2930,1958,Basic,Together,23185.274974051168,1,1,43,278,26,59,4,3,6,1
2931,1987,Master,Together,31056.97953661817,1,1,85,287,13,98,7,2,3,0
2932,1997,PhD,Together,55493.886043990555,0,0,52,56,33,278,0,6,9,0
2933,1971,Basic,Together,55531.21999709874,1,1,76,347,16,77,1,8,3,0
2934,1951,Master,Single,72850.62546253999,0,0,60,180,42,246,0,3,6,1
2935,1973,Graduation,Single,42992.91085585008,0,0,66,218,51,18,5,1,7,0
2936,1957,Graduation,Single,47119.27942996715,0,2,12,9,33,337,1,5,3,0
2937,1960,PhD,Divorced,74506.42611932878,1,0,91,433,20,30,1,2,7,0
2938,1962,Master,Married,15000.0,0,0,10,541,45,5,1,7,5,1
2939,1966,Graduation,Together,58349.058938340524,1,0,10,289,20,25,6,6,4,0
2940,1957,PhD,Divorced,45315.424427361286,0,1,84,414,3,31,3,5,4,0
2941,1970,Graduation,Married,66255.19557907486,1,0,84,221,3,106,0,3,4,0
2942,1967,Master,Married,62252.132057226845,0,0,6,288,89,89,1,2,10,0
2943,1979,Master,Together,38073.80711220669,1,1,16,150,7,188,5,6,7,0
2944,1967,Master,Married,41853.30287042036,0,0,47,470,50,7,5,2,5,1
2945,1995,2n Cycle,Married,15000.0,0,0,13,189,8,103,3,3,8,0
2946,1996,Master,Widow,66999.82996523641,0,1,62,342,16,60,2,5,8,0
2947,1980,2n Cycle,Together,56795.47640129262,1,0,63,291,31,149,2,2,7,0
2948,1987,2n Cycle,Married,79970.24710903426,0,1,96,363,5,6,0,5,6,0
2949,1981,Master,Widow,44011.999276789065,1,0,74,461,40,5,4,5,6,0
2950,1960,PhD,Widow,70286.71195296051,0,2,76,215,35,83,0,7,4,0
2951,1994,Graduation,Together,30601.479088717213,1,2,64,503,23,250,0,4,11,0
2952,1974,Graduation,Married,15000.0,0,0,33,206,25,166,4,6,10,0
2953,1982,PhD,Single,50109.72119264465,0,0,8,941,3,2,2,2,5,0
2954,1987,Graduation,Single,40666.364898939486,0,2,76,419,17,29,6,2,2,0
2955,1990,Graduation,Single,30983.571484305598,0,0,36,56,2,38,1,4,3,0
2956,1957,2n Cycle,Divorced,69962.10786973234,0,0,29,530,11,82,2,7,4,0
2957,1960,Basic,Single,76164.93347087115,2,1,40,240,69,132,2,6,6,0
2958,1971,Master,Married,54108.425587317215,2,1,44,1249,25,36,5,9,9,0
2959,1973,Graduation,Single,48349.618607636694,1,1,46,380,40,72,2,4,6,1
2960,1990,Graduation,Married,53254.16747805045,0,0,6,26,25,131,5,2,3,0
2961,1966,Graduation,Single,38941.475121973446,0,0,13,150,6,72,1,7,5,0
2962,1961,Graduation,Together,63251.91896856805,1,1,47,218,27,23,2,4,5,0
2963,1995,Graduation,Married,21212.56027677122,0,1,5,547,42,101,1,2,8,0
2964,1981,Graduation,Together,30538.437431396145,2,1,33,392,4,58,1,1,8,0
2965,1964,2n Cycle,Married,36174.77697386396,0,2,79,138,50,299,2,6,4,1
2966,1965,Master,Married,62827.108619630584,2,1,99,317,24,224,1,4,4,0
2967,1971,Graduation,Together,45950.202859135126,0,0,45,258,0,31,0,5,5,0
2968,1977,Graduation,Married,79207.80789406145,1,1,58,40,22,24,3,2,6,1
2969,1969,PhD,Single,68066.19512757017,0,0,69,80,15,64,3,4,3,0
2970,1982,Graduation,Married,35978.13648875309,1,0,7,125,10,79,1,1,4,0
2971,1959,2n Cycle,Single,64669.3158079724,0,0,23,65,44,403,1,4,10,0
2972,1989,Graduation,Single,43835.85943695963,1,1,66,48,68,53,4,4,4,0
2973,1981,Graduation,Single,61463.60990047926,1,2,3,17,43,303,1,5,3,0
2974,1999,Graduation,Together,69035.44327185946,0,0,95,619,56,105,4,7,7,0
2975,1982,Graduation,Widow,74294.29203625434,0,0,0,102,71,325,2,6,1,0
2976,1951,PhD,Married,56040.43139675834,0,0,33,102,73,181,1,2,7,1
2977,1982,Master,Married,84002.47372960436,0,1,8,69,3,184,2,1,1,0
2978,1982,PhD,Together,60826.28712122544,0,1,62,193,18,109,5,4,9,0
2979,1990,Graduation,Married,54701.04318915262,0,0,75,216,0,275,1,3,5,1
2980,1962,PhD,Widow,45949.712246801275,0,1,9,70,21,44,1,3,6,0
2981,1979,PhD,Married,39373.81959623265,1,0,9,281,77,356,2,5,7,0
2982,1982,Basic,Single,60397.67452123411,1,0,49,385,6,151,4,1,5,0
2983,1962,Graduation,Single,54015.15273959968,0,0,43,140,30,86,0,4,14,0
2984,1975,Graduation,Married,57216.512012687796,1,1,47,264,31,604,2,5,6,0
2985,1971,PhD,Together,61614.91655112583,1,0,86,209,5,297,4,8,2,0
2986,1988,PhD,Married,57132.02956286097,0,1,5,65,8,221,2,4,7,0
2987,1951,Graduation,Together,92265.90813855702,0,0,87,392,18,48,2,5,10,0
2988,1987,Graduation,Married,41440.70231643724,0,0,23,485,6,545,3,8,6,0
2989,1988,Graduation,Divorced,60645.86688239412,1,0,84,313,26,203,3,4,7,0
2990,1975,Basic,Widow,47446.135683025175,1,0,94,117,19,139,0,4,8,0
2991,1995,Graduation,Married,15000.0,0,0,57,784,21,382,2,3,8,0
2992,1999,2n Cycle,Married,48130.5435426311,1,1,63,182,4,26,1,6,9,0
2993,1964,PhD,Single,33270.058881629186,0,0,93,92,21,22,2,4,7,0
2994,1983,2n Cycle,Married,50663.55082319172,0,1,55,157,1,124,0,7,7,0
2995,1991,Master,Divorced,51471.9495733659,1,0,97,353,63,8,5,5,8,0
2996,1993,Graduation,Together,59707.15775878675,1,0,81,561,12,163,0,2,6,0
2997,1998,Basic,Married,41396.41249367662,0,0,11,132,58,41,2,5,2,0
2998,1989,Graduation,Single,43898.14168526119,0,2,34,79,36,19,3,3,8,1
2999,1960,2n Cycle,Together,66013.87305619898,2,0,70,295,43,79,5,4,8,0
3000,1952,PhD,Divorced,35818.82941037755,0,0,88,762,11,94,3,5,9,0
3001,1955,Graduation,Divorced,15230.940185814157,1,2,5,60,7,28,2,4,2,0
3002,1958,PhD,Married,55140.62713852963,0,0,64,487,15,6,2,3,12,0
3003,1955,2n Cycle,Married,73416.97495136489,0,1,79,194,0,80,2,4,7,0
3004,1958,Graduation,Widow,65783.60951293772,0,0,59,482,75,213,0,4,3,0
3005,1988,PhD,Divorced,55509.683910606065,0,1,67,211,14,310,7,4,3,0
3006,1980,Master,Married,77012.90686697557,1,0,28,142,134,15,1,3,7,0
3007,1981,Master,Single,73640.34478329832,0,2,37,357,42,111,2,2,7,0
3008,1990,Graduation,Together,45381.70944541879,0,0,91,692,2,45,3,5,5,0
3009,1999,Graduation,Married,56950.434566741395,0,0,21,115,32,70,1,6,8,0
3010,1961,Graduation,Divorced,57809.20445272881,0,0,7,185,9,406,3,3,8,0
3011,1957,PhD,Married,50264.98742514861,2,0,62,78,8,65,0,4,5,0
3012,1957,Graduation,Divorced,74684.95141747757,1,1,95,60,8,68,2,5,5,0
3013,1999,2n Cycle,Married,48957.191332064576,0,0,96,451,74,35,2,9,11,0
3014,1977,Graduation,Together,41994.42217990008,1,0,12,67,20,482,3,5,7,0
3015,1969,PhD,Married,15000.0,1,0,26,472,33,91,1,3,9,0
3016,1996,Graduation,Together,36033.92235252577,1,0,17,168,9,126,2,4,9,1
3017,1956,Graduation,Single,25691.641823931357,0,0,17,1592,22,90,2,8,10,0
3018,1960,Graduation,Married,51192.07697467129,0,0,76,65,12,43,0,4,6,1
3019,1969,Graduation,Together,26926.21499074491,0,1,85,29,11,249,0,2,9,0
3020,1965,PhD,Together,64173.694833378024,1,2,61,23,8,4,1,6,5,1
3021,1953,2n Cycle,Married,74168.75216428077,1,0,13,541,15,175,4,3,4,1
3022,1955,PhD,Single,51376.8648282376,0,1,10,172,32,135,3,4,5,0
3023,1971,2n Cycle,Married,32319.645674725165,0,0,85,0,7,23,3,3,5,0
3024,1975,Basic,Together,57728.00752363067,0,0,99,623,100,27,0,2,6,0
3025,1952,PhD,Together,89869.50116176056,0,0,16,628,3,161,1,2,6,0
3026,1990,Master,Together,83649.61258649122,2,0,50,492,19,56,2,5,8,0
3027,1991,PhD,Married,23878.426135251542,0,0,95,85,2,46,3,4,3,0
3028,1963,Graduation,Together,23136.375530635236,0,1,13,139,0,9,2,1,4,0
3029,1960,Master,Together,18009.271204001037,2,2,56,409,76,218,1,4,3,0
3030,1967,Graduation,Single,29260.410924993575,0,0,92,201,49,321,2,4,8,0
3031,1961,PhD,Single,57031.8493753726,1,0,5,50,35,257,3,1,7,0
3032,1972,Master,Together,40866.1144966015,0,2,56,83,60,94,0,4,5,0
3033,1961,Graduation,Married,35226.59928230781,0,0,3,1079,48,114,1,3,3,0
3034,1962,Graduation,Married,72782.19535032904,0,1,10,49,31,41,3,5,12,0
3035,1974,2n Cycle,Married,62601.86238175254,1,0,73,388,56,28,1,7,4,0
3036,1994,PhD,Married,17905.947456923765,0,0,91,195,14,259,1,2,10,0
3037,1968,Graduation,Married,71634.4934841927,0,0,10,414,24,240,2,5,5,0
3038,1995,PhD,Married,62120.69444924077,1,1,98,324,44,225,2,4,10,0
3039,1985,PhD,Married,62565.26516060745,0,1,78,173,2,93,3,2,5,0
3040,1994,PhD,Married,40590.519521388625,0,0,7,131,58,299,7,5,6,0
3041,1957,2n Cycle,Married,48253.916404102194,0,1,83,421,5,391,1,6,10,1
3042,1978,PhD,Married,15000.0,0,0,58,117,59,59,5,2,4,0
3043,1981,Graduation,Married,69339.7334506925,1,0,20,465,11,38,2,9,3,0
3044,1993,Master,Together,32021.459773973693,1,1,64,341,11,93,2,1,3,0
3045,1967,Basic,Together,34587.41937812112,2,0,92,258,2,29,1,5,4,0
3046,1955,Graduation,Married,34317.17411280566,1,0,23,138,65,323,3,5,4,0
3047,1967,Graduation,Together,88008.02233807638,0,0,29,68,5,61,0,2,3,1
3048,1968,Graduation,Married,38625.918704754265,1,2,98,371,29,128,4,3,9,0
3049,1971,PhD,Married,70845.20547087445,0,1,96,28,30,135,4,2,1,0
3050,1986,PhD,Married,51520.15790234436,0,1,83,1057,9,108,2,1,2,0
3051,1981,PhD,Together,35417.80573129041,0,0,56,1155,127,25,1,6,4,0
3052,1990,2n Cycle,Single,31791.99893440605,0,1,79,41,1,706,0,7,8,1
3053,1952,Master,Married,39422.878250320166,1,0,72,32,28,28,1,4,4,1
3054,1977,Graduation,Married,50510.77186448252,0,2,94,159,19,208,0,6,5,0
3055,1959,Graduation,Divorced,64034.742127763486,0,0,16,994,8,235,1,5,4,1
3056,1984,Graduation,Married,42580.16641019168,0,0,58,153,5,23,2,0,6,0
3057,1978,Graduation,Married,41831.76516439361,0,0,30,135,40,405,6,4,7,0
3058,1964,PhD,Divorced,34376.897101958515,0,1,63,364,74,100,3,5,10,0
3059,1982,Basic,Single,28119.15717079554,1,1,47,59,3,148,1,5,5,1
3060,1956,Graduation,Together,26446.179604954756,0,0,22,135,6,154,6,2,4,1
3061,1961,PhD,Together,71760.57835879202,1,0,69,103,128,105,2,4,10,0
3062,1998,Master,Married,41423.21830758256,0,1,29,276,0,22,2,5,4,0
3063,1979,Graduation,Married,43194.48200888468,0,0,54,53,21,208,1,4,6,0
3064,1970,Graduation,Together,38667.748340382954,1,1,6,238,21,130,1,5,7,0
3065,1980,Graduation,Married,45662.87420144753,1,2,74,584,9,18,1,3,7,0
3066,1973,Graduation,Together,59421.483486468685,0,0,97,216,32,180,5,3,11,0
3067,1969,2n Cycle,Divorced,42262.383576607564,1,0,11,345,86,181,0,3,4,0
3068,1986,Graduation,Widow,55614.79774861142,2,0,59,23,17,119,1,6,7,0
3069,1953,Graduation,Married,80364.16978995281,2,0,51,178,41,14,3,4,1,0
3070,1977,PhD,Together,35606.719676255874,1,0,26,29,31,65,2,6,5,0
3071,1993,2n Cycle,Together,43210.63460019582,1,1,11,274,19,7,3,3,6,0
3072,1969,Graduation,Divorced,64821.20538823617,0,0,12,98,1,97,4,5,4,0
3073,1973,Graduation,Married,81945.92334363851,1,0,71,101,40,355,1,5,6,0
3074,1999,Graduation,Married,27153.794442475977,0,1,79,23,13,0,1,2,5,0
3075,1998,Graduation,Married,17983.919503043355,2,1,61,111,7,46,1,2,3,0
3076,1981,Graduation,Married,51987.87298255417,0,2,28,211,88,241,7,3,10,1
3077,1990,PhD,Married,49922.46206056391,0,0,34,263,44,1,0,5,10,0
3078,1985,Graduation,Single,66003.38592332197,0,1,59,20,98,1,1,4,5,0
3079,1983,Graduation,Single,62951.206932420275,0,2,28,316,8,141,0,10,10,0
3080,1985,Master,Married,51320.73548251454,0,0,30,201,54,233,3,4,7,1
3081,1951,Graduation,Together,72984.29706733582,0,0,76,230,28,224,1,5,8,0
3082,1964,Graduation,Married,38379.6469029468,1,0,75,536,119,226,0,3,6,0
3083,1983,Graduation,Divorced,56231.6158415351,1,1,60,125,87,67,3,4,7,0
3084,1985,2n Cycle,Divorced,27685.855423713605,0,0,1,57,108,321,5,2,11,0
3085,1955,Graduation,Widow,51157.43447649364,1,2,32,240,90,1,1,2,11,0
3086,1988,Basic,Divorced,22777.36722919937,0,1,71,870,0,56,3,7,8,0
3087,1991,Master,Married,29683.12906047399,0,0,61,218,40,61,4,5,7,0
3088,1961,Graduation,Married,86189.0367497984,1,0,58,534,9,27,0,6,1,1
3089,1952,2n Cycle,Together,15509.24864288859,1,0,39,424,36,61,1,4,6,0
3090,1994,Graduation,Divorced,47666.9660917048,0,0,48,219,118,132,1,2,7,0
3091,1967,Graduation,Married,68544.30245449336,0,1,31,312,1,110,1,5,9,0
3092,1989,Master,Married,96427.11163378856,0,1,37,156,25,57,1,3,9,0
3093,1970,Master,Single,55541.50083532096,0,0,91,226,39,207,0,4,5,0
3094,1964,PhD,Married,56684.40252125385,0,1,78,212,8,188,4,8,7,0
3095,1982,Graduation,Together,52793.70763495498,2,0,86,370,7,49,5,4,7,0
3096,1984,Graduation,Single,73144.68809368325,1,0,87,158,1,58,1,2,9,0
3097,1975,Master,Married,60634.07130475797,1,0,12,31,2,50,1,4,3,1
3098,1957,Graduation,Married,40498.2442641423,0,0,84,466,32,20,3,3,10,0
3099,1985,Graduation,Single,74310.23382857454,1,2,53,346,21,209,6,5,3,0
3100,1997,Graduation,Together,42756.185683043455,0,1,75,899,0,7,0,5,7,0
3101,1979,Graduation,Widow,20030.077598320015,0,0,12,167,104,24,2,9,4,1
3102,1972,Basic,Married,20093.50917128844,0,0,38,24,32,16,0,2,7,1
3103,1991,Graduation,Married,47978.637071506346,1,0,22,38,21,261,1,7,5,0
3104,1993,2n Cycle,Single,54060.83131542777,2,0,91,445,9,6,0,2,5,0
3105,1963,Graduation,Together,71112.58546097479,0,1,13,21,32,163,1,2,3,0
3106,1963,Master,Married,64816.32823562203,0,2,16,715,13,6,0,3,8,0
3107,1951,Graduation,Single,53597.01890412688,0,1,23,99,36,231,3,4,6,1
3108,1986,Graduation,Married,72230.20982864703,1,0,57,687,34,365,2,2,8,0
3109,1954,Graduation,Married,52254.75813261902,0,0,62,445,2,100,0,7,6,0
3110,1987,Graduation,Married,26190.279344401042,0,0,33,614,71,244,5,4,8,0
3111,1994,PhD,Married,21830.95356044886,1,0,50,72,20,183,3,1,4,0
3112,1990,2n Cycle,Together,77573.75415211316,0,0,85,271,14,238,2,6,6,0
3113,1996,PhD,Together,15000.0,0,0,9,29,93,218,3,3,5,0
3114,1963,Graduation,Single,47985.18688581663,0,0,71,67,17,34,1,3,7,0
3115,1988,Graduation,Divorced,111635.86987510048,1,1,20,111,38,103,3,1,8,0
3116,1974,Graduation,Married,61184.668886209976,0,1,36,405,31,484,6,3,7,1
3117,1969,PhD,Married,47829.14359042267,2,0,6,7,5,63,0,2,10,0
3118,1951,Master,Married,18310.768666936412,1,1,89,700,141,528,0,3,13,0
3119,1988,2n Cycle,Married,84347.41136266431,0,0,12,22,18,131,2,7,5,0
3120,1955,Graduation,Single,76276.55741388914,0,0,79,141,15,92,2,3,12,0
3121,1966,PhD,Single,65695.93824676794,0,1,29,25,75,160,6,3,4,0
3122,1974,Graduation,Single,51988.80534046371,0,0,30,439,22,253,3,4,5,0
3123,1977,PhD,Married,63440.24493882754,2,2,4,45,36,75,2,6,10,1
3124,1951,PhD,Married,49027.57882792295,1,0,31,648,56,5,3,3,5,0
3125,1984,PhD,Together,32534.781790313365,0,0,15,226,8,185,6,6,8,0
3126,1986,PhD,Married,71126.69863009626,0,0,72,889,5,469,1,4,9,0
3127,1954,Graduation,Together,50986.8268683558,0,1,21,102,2,147,2,6,4,0
3128,1950,Master,Widow,62438.879293175756,0,1,63,181,68,31,1,4,10,0
3129,1989,Graduation,Married,49577.53518880468,0,1,43,355,6,42,7,5,3,0
3130,1961,PhD,Single,61236.387640936875,0,1,39,534,11,360,3,2,6,0
3131,1985,Graduation,Together,51710.145386845004,2,0,36,164,10,2,1,3,6,0
3132,1994,PhD,Married,50149.00295820917,0,0,77,668,10,119,1,6,2,0
3133,1972,2n Cycle,Together,52599.79190955041,0,1,15,37,33,25,3,5,7,0
3134,1996,Basic,Married,111217.39380926092,1,0,42,370,92,49,1,2,2,0
3135,1980,Master,Married,68048.13971963874,0,2,83,128,11,55,3,2,4,0
3136,1960,PhD,Together,103721.15833799045,0,0,62,32,15,37,1,3,3,0
3137,1959,Master,Divorced,51837.95171983634,0,0,14,146,44,235,5,5,5,0
3138,1952,PhD,Married,45818.84061270959,0,0,43,636,16,60,1,4,4,0
3139,1963,Basic,Married,30516.058832490482,2,1,89,1181,78,63,3,9,8,0
3140,1965,Graduation,Divorced,84064.6239324512,2,2,8,149,20,90,4,0,7,0
3141,1959,2n Cycle,Single,33896.30185701788,2,0,64,652,12,348,3,2,9,0
3142,1978,2n Cycle,Single,88191.2151477338,1,0,98,213,106,174,2,4,8,0
3143,1959,Master,Married,31676.23338459404,0,0,43,378,16,9,4,4,7,0
3144,1961,Graduation,Divorced,69733.19737264854,2,0,19,13,7,6,2,3,4,0
3145,1979,Graduation,Married,20179.850330527082,2,2,69,244,5,125,1,4,12,0
3146,1990,Basic,Together,43160.88596818672,0,0,73,21,160,327,2,3,7,0
3147,1950,Graduation,Married,52441.630588926484,0,0,32,93,41,58,1,5,8,0
3148,1954,Basic,Together,40050.179685930256,0,0,79,250,15,42,2,5,9,0
3149,1969,Graduation,Married,48613.4679633208,0,0,99,493,52,206,1,8,9,0
3150,1957,Graduation,Together,48709.09788842277,0,1,5,246,23,138,0,8,7,1
3151,1992,2n Cycle,Married,68138.67100060127,2,0,82,825,11,124,3,1,3,0
3152,1961,PhD,Married,15000.0,2,0,30,498,40,24,1,2,9,1
3153,1950,PhD,Together,40741.60543943872,0,2,65,50,41,29,3,7,8,1
3154,1969,PhD,Divorced,77092.72695541912,0,0,17,147,20,49,4,3,3,1
3155,1977,Graduation,Widow,63249.598466331896,1,1,27,331,1,34,4,2,6,0
3156,1992,Master,Married,77425.72524254027,1,0,67,836,2,533,2,3,1,0
3157,1986,Graduation,Single,67175.7870954537,0,0,64,1319,46,2,2,3,13,0
3158,1996,2n Cycle,Single,30329.697859803786,1,0,79,432,52,147,1,4,11,0
3159,1986,Basic,Married,65217.94342239153,1,0,44,255,34,109,0,3,6,1
3160,1961,Graduation,Married,54003.85600185525,2,0,57,423,54,58,3,4,1,1
3161,1986,Master,Single,97361.22663585981,0,0,46,95,38,327,0,8,4,1
3162,1998,PhD,Divorced,68043.2916498882,0,0,65,100,68,166,2,4,6,0
3163,1998,Graduation,Together,62467.34815355201,2,0,51,318,4,961,4,4,5,0
3164,1993,2n Cycle,Together,65388.48526682622,0,1,35,616,14,27,2,1,8,0
3165,1977,Graduation,Together,61376.91083333247,1,2,0,1050,18,13,3,3,6,0
3166,1996,Graduation,Married,60836.02255492146,0,0,38,125,10,22,2,4,5,1
3167,1964,PhD,Single,46674.13261206163,0,0,86,477,38,47,4,5,5,1
3168,1955,PhD,Single,62709.45774040001,0,1,89,572,73,80,1,11,4,1
3169,1993,PhD,Married,70969.33360545391,0,1,74,292,15,297,2,6,5,0
3170,1969,Master,Divorced,73206.56138064171,2,0,0,128,85,50,1,5,6,0
3171,1999,PhD,Married,70782.33639207027,0,0,74,289,21,370,0,3,6,0
3172,1963,PhD,Widow,82161.27292304144,1,0,87,263,22,93,1,6,6,0
3173,1951,Graduation,Married,74457.8424660785,1,0,73,279,27,156,2,2,5,1
3174,1958,Graduation,Married,64570.358282015404,0,2,13,289,9,46,4,1,8,0
3175,1986,Graduation,Married,29126.78400672596,1,1,77,563,14,25,1,4,3,0
3176,1969,Graduation,Together,29134.633543418313,0,1,70,55,24,305,3,4,5,0
3177,1975,PhD,Married,47037.31193477298,1,0,22,137,85,17,0,4,5,0
3178,1978,Graduation,Together,52935.07372095437,0,0,42,264,30,223,5,0,5,0
3179,1950,Graduation,Together,79960.03062406524,0,1,21,99,12,130,1,4,12,0
3180,1984,Graduation,Single,15000.0,0,0,59,1147,0,296,6,3,11,0
3181,1955,2n Cycle,Married,31335.874745138088,1,0,99,91,119,189,1,0,2,0
3182,1986,2n Cycle,Together,48115.58171070327,2,0,26,190,20,49,2,2,10,0
3183,1954,PhD,Married,32062.84742734623,0,0,55,629,83,128,0,3,5,0
3184,1982,2n Cycle,Single,36037.853232594716,0,0,1,25,23,1,2,2,8,0
3185,1998,Master,Married,42016.75808229128,0,0,38,515,27,96,1,3,4,0
3186,1963,PhD,Divorced,33083.48271851463,1,1,50,253,37,13,3,2,14,0
3187,1961,Graduation,Single,36551.51345169047,0,1,18,9,11,84,3,4,7,0
3188,1991,Master,Together,79264.65127388905,1,0,61,699,36,17,0,5,8,0
3189,1969,Master,Together,64286.36680323958,0,1,70,11,22,466,5,4,8,0
3190,1999,PhD,Married,67278.86689484007,0,0,75,217,33,111,2,5,6,0
3191,1973,Master,Married,51317.544850840895,1,0,66,15,54,366,3,5,4,0
3192,1992,PhD,Divorced,72222.10425343522,1,1,62,22,6,3,2,7,6,0
3193,1983,Master,Divorced,68955.96635945569,1,0,4,654,28,152,0,4,8,0
3194,1974,2n Cycle,Married,63970.75828880722,0,0,71,435,1,54,1,4,12,0
3195,1999,Graduation,Together,38916.718897157785,1,1,77,65,3,84,5,6,12,0
3196,1978,Master,Single,43159.25703220249,0,2,60,290,33,309,0,4,6,0
3197,1988,Graduation,Together,73162.60197464738,2,0,99,474,2,586,1,4,7,0
3198,1980,PhD,Married,41665.3251709809,0,0,70,661,27,42,7,6,6,0
3199,1996,Master,Married,26229.517274710885,0,0,6,189,7,444,0,3,5,0
3200,1992,Graduation,Married,41279.63850472044,0,0,49,683,10,175,3,5,2,1
3201,1999,PhD,Single,83188.11364438238,0,0,45,212,4,453,3,5,4,0
3202,1972,Graduation,Together,41299.266712168064,0,0,95,349,8,123,0,4,3,0
3203,1993,PhD,Together,58553.09583973385,1,1,71,1159,51,485,1,7,6,0
3204,1987,Graduation,Divorced,39686.24149257104,1,0,75,80,30,334,0,2,11,0
3205,1969,Master,Together,67268.51108970732,2,0,73,55,89,20,2,4,2,0
3206,1972,Graduation,Divorced,62735.98381406045,0,0,13,125,1,55,1,5,4,0
3207,1994,PhD,Together,22176.30517669275,0,0,72,53,47,41,3,3,6,0
3208,1965,Graduation,Married,57360.6397417196,1,2,93,100,36,127,0,3,10,0
3209,1999,Basic,Divorced,18348.262254028654,0,0,68,407,9,243,2,1,5,0
3210,1991,2n Cycle,Together,40918.644051421805,0,1,64,194,39,213,2,3,2,0
3211,1957,2n Cycle,Married,51771.32166735245,1,1,64,141,37,194,1,3,4,0
3212,1999,Master,Married,88937.31830924994,0,1,56,138,18,70,4,6,7,0
3213,1970,Master,Married,58358.24930198353,0,0,61,64,35,22,1,3,1,0
3214,1950,Graduation,Together,36658.27825473915,1,2,19,177,17,35,4,5,5,0
3215,1957,Graduation,Divorced,45655.79794966799,0,0,74,293,12,203,2,7,8,0
3216,1978,Graduation,Divorced,70483.93548885008,1,0,25,44,18,23,4,0,6,0
3217,1981,Master,Divorced,36929.66316520066,0,0,43,1081,67,37,1,5,3,0
3218,1987,2n Cycle,Married,73939.56996002981,1,0,66,175,14,82,3,7,5,1
3219,1954,Graduation,Married,41538.97443905209,0,0,69,886,15,11,2,6,7,1
3220,1996,2n Cycle,Married,33693.61688975764,1,0,61,43,28,35,2,2,11,0
3221,1971,PhD,Divorced,42179.940781944584,0,0,44,437,41,24,0,5,4,0
3222,1996,PhD,Married,19674.31191823861,1,1,10,288,39,453,0,2,8,0
3223,1983,Graduation,Together,15000.0,0,0,71,514,0,31,3,4,1,0
3224,1950,Graduation,Single,50349.29221358282,0,0,92,275,34,296,1,3,6,0
3225,1975,PhD,Together,50654.04243312881,1,2,73,987,17,18,4,1,7,0
3226,1992,PhD,Married,57129.23569073333,0,0,33,295,22,305,4,7,10,0
3227,1959,Graduation,Widow,50250.51630548855,0,1,87,460,24,137,5,8,3,0
3228,1979,PhD,Widow,98585.06248211645,0,2,45,630,39,284,1,6,4,0
3229,1999,Basic,Married,55368.18686545394,0,0,80,376,53,303,2,9,4,0
3230,1967,Master,Together,24470.7428776679,0,0,31,222,31,136,3,7,6,0
3231,1966,2n Cycle,Widow,29601.702885948333,0,1,74,95,24,374,1,2,6,0
3232,1975,Graduation,Married,52006.093386974564,0,2,97,578,14,132,0,4,8,0
3233,1957,Graduation,Together,43291.467648830585,1,1,87,196,4,187,7,3,10,0
3234,1996,Master,Married,27430.402056730713,0,0,4,290,95,80,3,4,7,0
3235,1989,Graduation,Together,50823.038347342736,0,2,62,24,18,368,4,4,8,0
3236,1998,Graduation,Married,51115.51541235316,2,0,28,206,25,260,2,3,3,0
3237,1961,Graduation,Together,83913.8746699343,1,0,47,359,41,27,3,4,7,0
3238,1976,Graduation,Married,33678.20585755809,0,0,97,263,2,128,0,5,6,0
3239,1957,Graduation,Together,43645.443881836545,0,0,15,178,57,340,2,3,8,1
